Time,Channel0,Channel1,Unit: s
0,0,0,
0.00296064,1,0,
0.0041688,1,1,
0.05296048,0,1,
0.05516512,0,0,
0.10296016,1,0,
0.10416128,1,1,
0.15295984,0,1,
0.1551576,0,0,
0.20295968,1,0,
0.20415392,1,1,
0.25295936,0,1,
0.25515008,0,0,
0.30295904,1,0,
0.3041464,1,1,
0.35295888,0,1,
0.35514256,0,0,
0.40295856,1,0,
0.40413888,1,1,
0.4529584,0,1,
0.45513504,0,0,
0.50295808,1,0,
0.50413136,1,1,
0.55295776,0,1,
0.55512768,0,0,
0.6029576,1,0,
0.60412384,1,1,
0.65295728,0,1,
0.65512016,0,0,
0.70295696,1,0,
0.70411648,1,1,
0.7529568,0,1,
0.75511264,0,0,
0.80295648,1,0,
0.80410896,1,1,
0.85295632,0,1,
0.85510512,0,0,
0.902956,1,0,
0.90510144,1,1,
0.95295568,0,1,
0.9550976,0,0,
1.00295552,1,0,
1.00509392,1,1,
1.0529552,0,1,
1.05509008,0,0,
1.10295488,1,0,
1.1050864,1,1,
1.15295472,0,1,
1.15508272,0,0,
1.2029544,1,0,
1.20507888,1,1,
1.25295424,0,1,
1.2550752,0,0,
1.30295392,1,0,
1.30507136,1,1,
1.3529536,0,1,
1.35506768,0,0,
1.40295344,1,0,
1.405064,1,1,
1.45295312,0,1,
1.45506016,0,0,
1.5029528,1,0,
1.50505648,1,1,
1.55295264,0,1,
1.55505264,0,0,
1.60295232,1,0,
1.60504896,1,1,
1.65295216,0,1,
1.65504528,0,0,
1.70295184,1,0,
1.70504144,1,1,
1.75295152,0,1,
1.75503776,0,0,
1.80295136,1,0,
1.80503392,1,1,
1.85295104,0,1,
1.85503024,0,0,
1.90295072,1,0,
1.90502656,1,1,
1.95295056,0,1,
1.95502272,0,0,
2.00295024,1,0,
2.00501904,1,1,
2.05295008,0,1,
2.0550152,0,0,
2.10294976,1,0,
2.10501152,1,1,
2.15294944,0,1,
2.15500784,0,0,
2.20294928,1,0,
2.205004,1,1,
2.25294896,0,1,
2.25500032,0,0,
2.30294864,1,0,
2.30499648,1,1,
2.35294848,0,1,
2.3549928,0,0,
2.40294816,1,0,
2.40498912,1,1,
2.45294784,0,1,
2.45498528,0,0,
2.50294768,1,0,
2.5049816,1,1,
2.55294736,0,1,
2.55497776,0,0,
2.6029472,1,0,
2.60497408,1,1,
2.65294688,0,1,
2.6549704,0,0,
2.70294656,1,0,
2.70496656,1,1,
2.7529464,0,1,
2.75496288,0,0,
2.80294608,1,0,
2.80495904,1,1,
2.85294576,0,1,
2.85495536,0,0,
2.9029456,1,0,
2.90495168,1,1,
2.95294528,0,1,
2.95494784,0,0,
3.00294512,1,0,
3.00494416,1,1,
3.0529448,0,1,
3.05494032,0,0,
3.10294448,1,0,
3.10493664,1,1,
3.15294432,0,1,
3.15493296,0,0,
3.202944,1,0,
3.20492912,1,1,
3.25294368,0,1,
3.25492544,0,0,
3.30294352,1,0,
3.3049216,1,1,
3.3529432,0,1,
3.35491792,0,0,
3.40294304,1,0,
3.40491424,1,1,
3.45294272,0,1,
3.4549104,0,0,
3.5029424,1,0,
3.50490672,1,1,
3.55294224,0,1,
3.55490288,0,0,
3.60294192,1,0,
3.6048992,1,1,
3.6529416,0,1,
3.65489552,0,0,
3.70294144,1,0,
3.70489168,1,1,
3.75294112,0,1,
3.754888,0,0,
3.80294096,1,0,
3.80488416,1,1,
3.85294064,0,1,
3.85488048,0,0,
3.90294032,1,0,
3.9048768,1,1,
3.95294016,0,1,
3.95487296,0,0,
4.00293984,1,0,
4.00486928,1,1,
4.05293952,0,1,
4.05486544,0,0,
4.10293936,1,0,
4.10486176,1,1,
4.15293904,0,1,
4.15485808,0,0,
4.20293888,1,0,
4.20485424,1,1,
4.25293856,0,1,
4.25485056,0,0,
4.30293824,1,0,
4.30484672,1,1,
4.35293808,0,1,
4.35484304,0,0,
4.40293776,1,0,
4.40483936,1,1,
4.45293744,0,1,
4.45483552,0,0,
4.50293728,1,0,
4.50483184,1,1,
4.55293696,0,1,
4.554828,0,0,
4.6029368,1,0,
4.60482432,1,1,
4.65293648,0,1,
4.65482064,0,0,
4.70293616,1,0,
4.7048168,1,1,
4.752936,0,1,
4.75481312,0,0,
4.80293568,1,0,
4.80480928,1,1,
4.85293536,0,1,
4.8548056,0,0,
4.9029352,1,0,
4.90480192,1,1,
4.95293488,0,1,
4.95479808,0,0,
5.00293472,1,0,
5.0047944,1,1,
5.0529344,0,1,
5.05479056,0,0,
5.10293408,1,0,
5.10478688,1,1,
5.15293392,0,1,
5.1547832,0,0,
5.2029336,1,0,
5.20477936,1,1,
5.25293328,0,1,
5.25477568,0,0,
5.30293312,1,0,
5.30477184,1,1,
5.3529328,0,1,
5.35476816,0,0,
5.40293248,1,0,
5.40476448,1,1,
5.45293232,0,1,
5.45476064,0,0,
5.502932,1,0,
5.50475696,1,1,
5.55293184,0,1,
5.55475312,0,0,
5.60293152,1,0,
5.60474944,1,1,
5.6529312,0,1,
5.65474576,0,0,
5.70293104,1,0,
5.70474192,1,1,
5.75293072,0,1,
5.75473824,0,0,
5.8029304,1,0,
5.8047344,1,1,
5.85293024,0,1,
5.85473072,0,0,
5.90292992,1,0,
5.90472704,1,1,
5.95292976,0,1,
5.9547232,0,0,
6.00292944,1,0,
6.00471952,1,1,
6.05292912,0,1,
6.05471568,0,0,
6.10292896,1,0,
6.104712,1,1,
6.15292864,0,1,
6.15470832,0,0,
6.20292832,1,0,
6.20470448,1,1,
6.25292816,0,1,
6.25570064,0,0,
6.30292784,1,0,
6.30469696,1,1,
6.35292752,0,1,
6.35569328,0,0,
6.40292736,1,0,
6.4046896,1,1,
6.45292704,0,1,
6.45568576,0,0,
6.50292688,1,0,
6.50468208,1,1,
6.55292656,0,1,
6.55467824,0,0,
6.60292624,1,0,
6.60467456,1,1,
6.65292608,0,1,
6.65567072,0,0,
6.70292576,1,0,
6.70466704,1,1,
6.75292544,0,1,
6.7556632,0,0,
6.80292528,1,0,
6.80465952,1,1,
6.85292496,0,1,
6.85565584,0,0,
6.9029248,1,0,
6.90465216,1,1,
6.95292448,0,1,
6.95564832,0,0,
7.00292416,1,0,
7.00464464,1,1,
7.052924,0,1,
7.0556408,0,0,
7.10292368,1,0,
7.10463712,1,1,
7.15292336,0,1,
7.15563328,0,0,
7.2029232,1,0,
7.2046296,1,1,
7.25292288,0,1,
7.25562576,0,0,
7.30292272,1,0,
7.30462208,1,1,
7.3529224,0,1,
7.35561824,0,0,
7.40292208,1,0,
7.40461472,1,1,
7.45292192,0,1,
7.45561088,0,0,
7.5029216,1,0,
7.5046072,1,1,
7.55292128,0,1,
7.55560336,0,0,
7.60292112,1,0,
7.60459968,1,1,
7.6529208,0,1,
7.65559584,0,0,
7.70292064,1,0,
7.70459216,1,1,
7.75292032,0,1,
7.75558832,0,0,
7.80292,1,0,
7.80458464,1,1,
7.85291984,0,1,
7.8555808,0,0,
7.90291952,1,0,
7.90457728,1,1,
7.9529192,0,1,
7.95557344,0,0,
8.00291904,1,0,
8.00456976,1,1,
8.05291872,0,1,
8.05556592,0,0,
8.1029184,1,0,
8.10456224,1,1,
8.15291824,0,1,
8.1555584,0,0,
8.20291792,1,0,
8.20455472,1,1,
8.25291776,0,1,
8.25555088,0,0,
8.30291744,1,0,
8.3045472,1,1,
8.35291712,0,1,
8.35554336,0,0,
8.40291696,1,0,
8.40453968,1,1,
8.45291664,0,1,
8.455536,0,0,
8.50291632,1,0,
8.50453232,1,1,
8.55291616,0,1,
8.55552848,0,0,
8.60291584,1,0,
8.6045248,1,1,
8.65291568,0,1,
8.65552096,0,0,
8.70291536,1,0,
8.70451728,1,1,
8.75291504,0,1,
8.75551344,0,0,
8.80291488,1,0,
8.80450976,1,1,
8.85291456,0,1,
8.85550592,0,0,
8.90291424,1,0,
8.90450224,1,1,
8.95291408,0,1,
8.95549856,0,0,
9.00291376,1,0,
9.00449488,1,1,
9.05291344,0,1,
9.05549104,0,0,
9.10291328,1,0,
9.10448736,1,1,
9.15291296,0,1,
9.15548352,0,0,
9.2029128,1,0,
9.20447984,1,1,
9.25291248,0,1,
9.255476,0,0,
9.30291216,1,0,
9.30447232,1,1,
9.352912,0,1,
9.35546864,0,0,
9.40291168,1,0,
9.4044648,1,1,
9.45291136,0,1,
9.45546112,0,0,
9.5029112,1,0,
9.50445744,1,1,
9.55291088,0,1,
9.5554536,0,0,
9.60291072,1,0,
9.60444992,1,1,
9.6529104,0,1,
9.65544608,0,0,
9.70291008,1,0,
9.7044424,1,1,
9.75290992,0,1,
9.75543856,0,0,
9.8029096,1,0,
9.80443488,1,1,
9.85290928,0,1,
9.85543104,0,0,
9.90290912,1,0,
9.90442736,1,1,
9.9529088,0,1,
9.95542368,0,0,
10.00290848,1,0,
10.00442,1,1,
10.05290832,0,1,
10.05541616,0,0,
10.102908,1,0,
10.10441248,1,1,
10.15290784,0,1,
10.15540864,0,0,
10.20290752,1,0,
10.20440496,1,1,
10.2529072,0,1,
10.25540112,0,0,
10.30290704,1,0,
10.30439744,1,1,
10.35290672,0,1,
10.3553936,0,0,
10.4029064,1,0,
10.40438992,1,1,
10.45290624,0,1,
10.45538608,0,0,
10.50290592,1,0,
10.50438256,1,1,
10.5529056,0,1,
10.55537872,0,0,
10.60290544,1,0,
10.60437504,1,1,
10.65290512,0,1,
10.6553712,0,0,
10.70290496,1,0,
10.70436752,1,1,
10.75290464,0,1,
10.75536368,0,0,
10.80290432,1,0,
10.80436,1,1,
10.85290416,0,1,
10.85535616,0,0,
10.90290384,1,0,
10.90435248,1,1,
10.95290352,0,1,
10.95534864,0,0,
11.00290336,1,0,
11.00434496,1,1,
11.05290304,0,1,
11.05534128,0,0,
11.10290288,1,0,
11.1043376,1,1,
11.15290256,0,1,
11.15533376,0,0,
11.20290224,1,0,
11.20433008,1,1,
11.25290208,0,1,
11.25532624,0,0,
11.30290176,1,0,
11.30432256,1,1,
11.35290144,0,1,
11.35531872,0,0,
11.40290128,1,0,
11.40431504,1,1,
11.45290096,0,1,
11.4553112,0,0,
11.50290064,1,0,
11.50430752,1,1,
11.55290048,0,1,
11.55530384,0,0,
11.60290016,1,0,
11.60430016,1,1,
11.6529,0,1,
11.65529632,0,0,
11.70289968,1,0,
11.70429264,1,1,
11.75289936,0,1,
11.7552888,0,0,
11.8028992,1,0,
11.80428512,1,1,
11.85289888,0,1,
11.85528128,0,0,
11.90289856,1,0,
11.9042776,1,1,
11.9528984,0,1,
11.95527392,0,0,
12.00289808,1,0,
12.00427008,1,1,
12.05289776,0,1,
12.0552664,0,0,
12.1028976,1,0,
12.10426272,1,1,
12.15289728,0,1,
12.15525888,0,0,
12.20289712,1,0,
12.2042552,1,1,
12.2528968,0,1,
12.25525136,0,0,
12.30289648,1,0,
12.30424768,1,1,
12.35289632,0,1,
12.35524384,0,0,
12.402896,1,0,
12.40424016,1,1,
12.45289568,0,1,
12.45523632,0,0,
12.50289552,1,0,
12.50423264,1,1,
12.5528952,0,1,
12.55522896,0,0,
12.60289488,1,0,
12.60422528,1,1,
12.65289472,0,1,
12.65522144,0,0,
12.7028944,1,0,
12.70421776,1,1,
12.75289424,0,1,
12.75521392,0,0,
12.80289392,1,0,
12.80421024,1,1,
12.8528936,0,1,
12.8552064,0,0,
12.90289344,1,0,
12.90420272,1,1,
12.95289312,0,1,
12.95519888,0,0,
13.0028928,1,0,
13.0041952,1,1,
13.05289264,0,1,
13.05519136,0,0,
13.10289232,1,0,
13.10418768,1,1,
13.152892,0,1,
13.155184,0,0,
13.20289184,1,0,
13.20418032,1,1,
13.25289152,0,1,
13.25517648,0,0,
13.30289136,1,0,
13.3041728,1,1,
13.35289104,0,1,
13.35516896,0,0,
13.40289072,1,0,
13.40416528,1,1,
13.45289056,0,1,
13.45516144,0,0,
13.50289024,1,0,
13.50415776,1,1,
13.55288992,0,1,
13.55515392,0,0,
13.60288976,1,0,
13.60415024,1,1,
13.65288944,0,1,
13.65514656,0,0,
13.70288928,1,0,
13.70414272,1,1,
13.75288896,0,1,
13.75513904,0,0,
13.80288864,1,0,
13.80413536,1,1,
13.85288848,0,1,
13.85513152,0,0,
13.90288816,1,0,
13.90412784,1,1,
13.95288784,0,1,
13.955124,0,0,
14.00288768,1,0,
14.00412032,1,1,
14.05288736,0,1,
14.05511648,0,0,
14.10288704,1,0,
14.1041128,1,1,
14.15288688,0,1,
14.15510912,0,0,
14.20288656,1,0,
14.20410528,1,1,
14.2528864,0,1,
14.2551016,0,0,
14.30288608,1,0,
14.30409792,1,1,
14.35288576,0,1,
14.35509408,0,0,
14.4028856,1,0,
14.4040904,1,1,
14.45288528,0,1,
14.45508656,0,0,
14.50288496,1,0,
14.50408288,1,1,
14.5528848,0,1,
14.55507904,0,0,
14.60288448,1,0,
14.60507536,1,1,
14.65288416,0,1,
14.65507152,0,0,
14.702884,1,0,
14.70506784,1,1,
14.75288368,0,1,
14.755064,0,0,
14.80288352,1,0,
14.80506032,1,1,
14.8528832,0,1,
14.85505664,0,0,
14.90288288,1,0,
14.9050528,1,1,
14.95288272,0,1,
14.95504912,0,0,
15.0028824,1,0,
15.00504528,1,1,
15.05288208,0,1,
15.0550416,0,0,
15.10288192,1,0,
15.10503792,1,1,
15.1528816,0,1,
15.15503408,0,0,
15.20288128,1,0,
15.2050304,1,1,
15.25288112,0,1,
15.25502672,0,0,
15.3028808,1,0,
15.30502288,1,1,
15.35288048,0,1,
15.3550192,0,0,
15.40288032,1,0,
15.40501536,1,1,
15.45288,0,1,
15.45501168,0,0,
15.50287984,1,0,
15.50500784,1,1,
15.55287952,0,1,
15.55500416,0,0,
15.6028792,1,0,
15.60500032,1,1,
15.65287904,0,1,
15.65499664,0,0,
15.70287872,1,0,
15.70499296,1,1,
15.7528784,0,1,
15.75498912,0,0,
15.80287824,1,0,
15.80498544,1,1,
15.85287792,0,1,
15.8549816,0,0,
15.9028776,1,0,
15.90497792,1,1,
15.95287744,0,1,
15.95497424,0,0,
16.00287712,1,0,
16.0049704,1,1,
16.05287696,0,1,
16.05496672,0,0,
16.10287664,1,0,
16.10496288,1,1,
16.15287632,0,1,
16.1549592,0,0,
16.20287616,1,0,
16.20495552,1,1,
16.25287584,0,1,
16.25495168,0,0,
16.30287552,1,0,
16.304948,1,1,
16.35287536,0,1,
16.35494416,0,0,
16.40287504,1,0,
16.40494048,1,1,
16.45287472,0,1,
16.4549368,0,0,
16.50287456,1,0,
16.50493296,1,1,
16.55287424,0,1,
16.55492928,0,0,
16.60287408,1,0,
16.60492544,1,1,
16.65287376,0,1,
16.65492176,0,0,
16.70287344,1,0,
16.70491792,1,1,
16.75287328,0,1,
16.75491424,0,0,
16.80287296,1,0,
16.80491056,1,1,
16.85287264,0,1,
16.85490672,0,0,
16.90287248,1,0,
16.90490304,1,1,
16.95287216,0,1,
16.9548992,0,0,
17.00287184,1,0,
17.00489552,1,1,
17.05287168,0,1,
17.05489184,0,0,
17.10287136,1,0,
17.104888,1,1,
17.15287104,0,1,
17.15488432,0,0,
17.20287088,1,0,
17.20488048,1,1,
17.25287056,0,1,
17.2548768,0,0,
17.3028704,1,0,
17.30487296,1,1,
17.35287008,0,1,
17.35486928,0,0,
17.40286976,1,0,
17.4048656,1,1,
17.4528696,0,1,
17.45486176,0,0,
17.50286928,1,0,
17.50485808,1,1,
17.55286896,0,1,
17.5548544,0,0,
17.6028688,1,0,
17.60485056,1,1,
17.65286848,0,1,
17.65484688,0,0,
17.70286816,1,0,
17.70484304,1,1,
17.752868,0,1,
17.75483936,0,0,
17.80286768,1,0,
17.80483552,1,1,
17.85286752,0,1,
17.85483184,0,0,
17.9028672,1,0,
17.90482816,1,1,
17.95286688,0,1,
17.95482432,0,0,
18.00286672,1,0,
18.00482064,1,1,
18.0528664,0,1,
18.05481696,0,0,
18.10286608,1,0,
18.10481312,1,1,
18.15286592,0,1,
18.15480944,0,0,
18.2028656,1,0,
18.2048056,1,1,
18.25286528,0,1,
18.25480192,0,0,
18.30286512,1,0,
18.30479808,1,1,
18.3528648,0,1,
18.3547944,0,0,
18.40286464,1,0,
18.40479056,1,1,
18.45286432,0,1,
18.45478688,0,0,
18.502864,1,0,
18.5047832,1,1,
18.55286384,0,1,
18.55477936,0,0,
18.60286352,1,0,
18.60477568,1,1,
18.6528632,0,1,
18.65477184,0,0,
18.70286304,1,0,
18.70476816,1,1,
18.75286272,0,1,
18.75476448,0,0,
18.8028624,1,0,
18.80476064,1,1,
18.85286224,0,1,
18.85475696,0,0,
18.90286192,1,0,
18.90475312,1,1,
18.9528616,0,1,
18.95474944,0,0,
19.00286144,1,0,
19.00474576,1,1,
19.05286112,0,1,
19.05474192,0,0,
19.10286096,1,0,
19.10473824,1,1,
19.15286064,0,1,
19.1547344,0,0,
19.20286032,1,0,
19.20473072,1,1,
19.25286016,0,1,
19.25472704,0,0,
19.30285984,1,0,
19.3047232,1,1,
19.35285952,0,1,
19.35471952,0,0,
19.40285936,1,0,
19.40471568,1,1,
19.45285904,0,1,
19.454712,0,0,
19.50285872,1,0,
19.50470816,1,1,
19.55285856,0,1,
19.55470448,0,0,
19.60285824,1,0,
19.6047008,1,1,
19.65285792,0,1,
19.65469696,0,0,
19.70285776,1,0,
19.70469328,1,1,
19.75285744,0,1,
19.75468944,0,0,
19.80285728,1,0,
19.80468576,1,1,
19.85285696,0,1,
19.85468208,0,0,
19.90285664,1,0,
19.90467824,1,1,
19.95285648,0,1,
19.95467456,0,0,
20.00285616,1,0,
20.00467072,1,1,
20.05285584,0,1,
20.05466704,0,0,
20.10285568,1,0,
20.1046632,1,1,
20.15285536,0,1,
20.15465952,0,0,
20.20285504,1,0,
20.20465584,1,1,
20.25285488,0,1,
20.254652,0,0,
20.30285456,1,0,
20.30464832,1,1,
20.35285424,0,1,
20.35464448,0,0,
20.40285408,1,0,
20.4046408,1,1,
20.45285376,0,1,
20.45463712,0,0,
20.5028536,1,0,
20.50463328,1,1,
20.55285328,0,1,
20.5546296,0,0,
20.60285296,1,0,
20.60462576,1,1,
20.6528528,0,1,
20.65462208,0,0,
20.70285248,1,0,
20.70461824,1,1,
20.75285216,0,1,
20.75561456,0,0,
20.802852,1,0,
20.80461088,1,1,
20.85285168,0,1,
20.85460704,0,0,
20.90285136,1,0,
20.90460336,1,1,
20.9528512,0,1,
20.95459968,0,0,
21.00285088,1,0,
21.00459584,1,1,
21.05285072,0,1,
21.05459216,0,0,
21.1028504,1,0,
21.10458832,1,1,
21.15285008,0,1,
21.15458464,0,0,
21.20284992,1,0,
21.2045808,1,1,
21.2528496,0,1,
21.25557712,0,0,
21.30284928,1,0,
21.30457344,1,1,
21.35284912,0,1,
21.3555696,0,0,
21.4028488,1,0,
21.40456592,1,1,
21.45284848,0,1,
21.45456224,0,0,
21.50284832,1,0,
21.5045584,1,1,
21.552848,0,1,
21.55555456,0,0,
21.60284784,1,0,
21.60455088,1,1,
21.65284752,0,1,
21.65554704,0,0,
21.7028472,1,0,
21.70454336,1,1,
21.75284704,0,1,
21.75553952,0,0,
21.80284672,1,0,
21.80453584,1,1,
21.8528464,0,1,
21.85553216,0,0,
21.90284624,1,0,
21.90452848,1,1,
21.95284592,0,1,
21.95552464,0,0,
22.0028456,1,0,
22.00452096,1,1,
22.05284544,0,1,
22.05551712,0,0,
22.10284512,1,0,
22.10451344,1,1,
22.1528448,0,1,
22.1555096,0,0,
22.20284464,1,0,
22.20450592,1,1,
22.25284432,0,1,
22.25550208,0,0,
22.30284416,1,0,
22.3044984,1,1,
22.35284384,0,1,
22.35549472,0,0,
22.40284352,1,0,
22.40449088,1,1,
22.45284336,0,1,
22.4554872,0,0,
22.50284304,1,0,
22.50448352,1,1,
22.55284272,0,1,
22.55547968,0,0,
22.60284256,1,0,
22.604476,1,1,
22.65284224,0,1,
22.65547216,0,0,
22.70284192,1,0,
22.70446848,1,1,
22.75284176,0,1,
22.75546464,0,0,
22.80284144,1,0,
22.80446096,1,1,
22.85284112,0,1,
22.85545728,0,0,
22.90284096,1,0,
22.90445344,1,1,
22.95284064,0,1,
22.95544976,0,0,
23.00284048,1,0,
23.00444592,1,1,
23.05284016,0,1,
23.05544224,0,0,
23.10283984,1,0,
23.10443856,1,1,
23.15283968,0,1,
23.15543472,0,0,
23.20283936,1,0,
23.20443104,1,1,
23.25283904,0,1,
23.2554272,0,0,
23.30283888,1,0,
23.30442352,1,1,
23.35283856,0,1,
23.35541968,0,0,
23.40283824,1,0,
23.404416,1,1,
23.45283808,0,1,
23.45541216,0,0,
23.50283776,1,0,
23.50440848,1,1,
23.55283744,0,1,
23.5554048,0,0,
23.60283728,1,0,
23.60440096,1,1,
23.65283696,0,1,
23.65539728,0,0,
23.7028368,1,0,
23.7043936,1,1,
23.75283648,0,1,
23.75538976,0,0,
23.80283616,1,0,
23.80438608,1,1,
23.852836,0,1,
23.85538224,0,0,
23.90283568,1,0,
23.90437856,1,1,
23.95283536,0,1,
23.95537472,0,0,
24.0028352,1,0,
24.00437104,1,1,
24.05283488,0,1,
24.05536736,0,0,
24.10283456,1,0,
24.10436352,1,1,
24.1528344,0,1,
24.15535984,0,0,
24.20283408,1,0,
24.204356,1,1,
24.25283392,0,1,
24.25535232,0,0,
24.3028336,1,0,
24.30434864,1,1,
24.35283328,0,1,
24.3553448,0,0,
24.40283312,1,0,
24.40434112,1,1,
24.4528328,0,1,
24.45533728,0,0,
24.50283248,1,0,
24.5043336,1,1,
24.55283232,0,1,
24.55532976,0,0,
24.602832,1,0,
24.60432608,1,1,
24.65283168,0,1,
24.65532224,0,0,
24.70283152,1,0,
24.70431856,1,1,
24.7528312,0,1,
24.75531488,0,0,
24.80283088,1,0,
24.80431104,1,1,
24.85283072,0,1,
24.85530736,0,0,
24.9028304,1,0,
24.90430368,1,1,
24.95283024,0,1,
24.95529984,0,0,
25.00282992,1,0,
25.00429616,1,1,
25.0528296,0,1,
25.05529232,0,0,
25.10282944,1,0,
25.10428864,1,1,
25.15282912,0,1,
25.1552848,0,0,
25.2028288,1,0,
25.20428112,1,1,
25.25282864,0,1,
25.25527728,0,0,
25.30282832,1,0,
25.3042736,1,1,
25.352828,0,1,
25.35526992,0,0,
25.40282784,1,0,
25.40426608,1,1,
25.45282752,0,1,
25.4552624,0,0,
25.5028272,1,0,
25.50425872,1,1,
25.55282704,0,1,
25.55525488,0,0,
25.60282672,1,0,
25.6042512,1,1,
25.65282656,0,1,
25.65524736,0,0,
25.70282624,1,0,
25.70424368,1,1,
25.75282592,0,1,
25.75523984,0,0,
25.80282576,1,0,
25.80423616,1,1,
25.85282544,0,1,
25.85523248,0,0,
25.90282512,1,0,
25.90422864,1,1,
25.95282496,0,1,
25.95522496,0,0,
26.00282464,1,0,
26.00422112,1,1,
26.05282432,0,1,
26.05521744,0,0,
26.10282416,1,0,
26.10421376,1,1,
26.15282384,0,1,
26.15520992,0,0,
26.20282352,1,0,
26.20420624,1,1,
26.25282336,0,1,
26.2552024,0,0,
26.30282304,1,0,
26.30419872,1,1,
26.35282272,0,1,
26.35519488,0,0,
26.40282256,1,0,
26.4041912,1,1,
26.45282224,0,1,
26.45518752,0,0,
26.50282208,1,0,
26.50418368,1,1,
26.55282176,0,1,
26.55518,0,0,
26.60282144,1,0,
26.60417616,1,1,
26.65282128,0,1,
26.65517248,0,0,
26.70282096,1,0,
26.7041688,1,1,
26.75282064,0,1,
26.75516496,0,0,
26.80282048,1,0,
26.80416128,1,1,
26.85282016,0,1,
26.85515744,0,0,
26.90281984,1,0,
26.90415376,1,1,
26.95281968,0,1,
26.95514992,0,0,
27.00281936,1,0,
27.00414624,1,1,
27.05281904,0,1,
27.05514256,0,0,
27.10281888,1,0,
27.10413872,1,1,
27.15281856,0,1,
27.15513504,0,0,
27.2028184,1,0,
27.2041312,1,1,
27.25281808,0,1,
27.25512752,0,0,
27.30281776,1,0,
27.30412384,1,1,
27.3528176,0,1,
27.35512,0,0,
27.40281728,1,0,
27.40411632,1,1,
27.45281696,0,1,
27.45511248,0,0,
27.5028168,1,0,
27.5041088,1,1,
27.55281648,0,1,
27.55510496,0,0,
27.60281616,1,0,
27.60410128,1,1,
27.652816,0,1,
27.65509744,0,0,
27.70281568,1,0,
27.70409376,1,1,
27.75281536,0,1,
27.75509008,0,0,
27.8028152,1,0,
27.80408624,1,1,
27.85281488,0,1,
27.85508256,0,0,
27.90281472,1,0,
27.90407888,1,1,
27.9528144,0,1,
27.95507504,0,0,
28.00281408,1,0,
28.00407136,1,1,
28.05281392,0,1,
28.05506752,0,0,
28.1028136,1,0,
28.10406384,1,1,
28.15281328,0,1,
28.15506,0,0,
28.20281312,1,0,
28.20405632,1,1,
28.2528128,0,1,
28.25505248,0,0,
28.30281248,1,0,
28.3040488,1,1,
28.35281232,0,1,
28.35504496,0,0,
28.402812,1,0,
28.40404128,1,1,
28.45281168,0,1,
28.4550376,0,0,
28.50281152,1,0,
28.50503376,1,1,
28.5528112,0,1,
28.55503008,0,0,
28.60281104,1,0,
28.60502624,1,1,
28.65281072,0,1,
28.65502256,0,0,
28.7028104,1,0,
28.70501872,1,1,
28.75281024,0,1,
28.75501504,0,0,
28.80280992,1,0,
28.80501136,1,1,
28.8528096,0,1,
28.85500752,0,0,
28.90280944,1,0,
28.90400384,1,1,
28.95280912,0,1,
28.955,0,0,
29.0028088,1,0,
29.00499632,1,1,
29.05280864,0,1,
29.05499264,0,0,
29.10280832,1,0,
29.1049888,1,1,
29.152808,0,1,
29.15498512,0,0,
29.20280784,1,0,
29.20498128,1,1,
29.25280752,0,1,
29.2549776,0,0,
29.3028072,1,0,
29.30497376,1,1,
29.35280704,0,1,
29.35497008,0,0,
29.40280672,1,0,
29.4049664,1,1,
29.45280656,0,1,
29.45496256,0,0,
29.50280624,1,0,
29.50495888,1,1,
29.55280592,0,1,
29.55495504,0,0,
29.60280576,1,0,
29.60495136,1,1,
29.65280544,0,1,
29.65494768,0,0,
29.70280512,1,0,
29.70494384,1,1,
29.75280496,0,1,
29.75494016,0,0,
29.80280464,1,0,
29.80493632,1,1,
29.85280432,0,1,
29.85493264,0,0,
29.90280416,1,0,
29.9049288,1,1,
29.95280384,0,1,
29.95492512,0,0,
30.00280352,1,0,
30.00492144,1,1,
30.05280336,0,1,
30.0549176,0,0,
30.10280304,1,0,
30.10491392,1,1,
30.15280272,0,1,
30.15491024,0,0,
30.20280256,1,0,
30.2049064,1,1,
30.25280224,0,1,
30.25490272,0,0,
30.30280208,1,0,
30.30489888,1,1,
30.35280176,0,1,
30.3548952,0,0,
30.40280144,1,0,
30.40489136,1,1,
30.45280128,0,1,
30.45488768,0,0,
30.50280096,1,0,
30.50488384,1,1,
30.55280064,0,1,
30.55488016,0,0,
30.60280048,1,0,
30.60487648,1,1,
30.65280016,0,1,
30.65487264,0,0,
30.70279984,1,0,
30.70486896,1,1,
30.75279968,0,1,
30.75486512,0,0,
30.80279936,1,0,
30.80486144,1,1,
30.85279904,0,1,
30.85485776,0,0,
30.90279888,1,0,
30.90485392,1,1,
30.95279856,0,1,
30.95485024,0,0,
31.00279824,1,0,
31.0048464,1,1,
31.05279808,0,1,
31.05484272,0,0,
31.10279776,1,0,
31.10483888,1,1,
31.1527976,0,1,
31.1548352,0,0,
31.20279728,1,0,
31.20483136,1,1,
31.25279696,0,1,
31.25482768,0,0,
31.3027968,1,0,
31.304824,1,1,
31.35279648,0,1,
31.35482016,0,0,
31.40279616,1,0,
31.40481648,1,1,
31.452796,0,1,
31.45481264,0,0,
31.50279568,1,0,
31.50480896,1,1,
31.55279536,0,1,
31.55480528,0,0,
31.6027952,1,0,
31.60480144,1,1,
31.65279488,0,1,
31.65479776,0,0,
31.70279456,1,0,
31.70479392,1,1,
31.7527944,0,1,
31.75479024,0,0,
31.80279408,1,0,
31.8047864,1,1,
31.85279376,0,1,
31.85478272,0,0,
31.9027936,1,0,
31.90477904,1,1,
31.95279328,0,1,
31.9547752,0,0,
32.00279312,1,0,
32.00477152,1,1,
32.0527928,0,1,
32.05476784,0,0,
32.10279248,1,0,
32.104764,1,1,
32.15279232,0,1,
32.15476032,0,0,
32.202792,1,0,
32.20475648,1,1,
32.25279168,0,1,
32.2547528,0,0,
32.30279152,1,0,
32.30474896,1,1,
32.3527912,0,1,
32.35474528,0,0,
32.40279088,1,0,
32.40474144,1,1,
32.45279072,0,1,
32.45473776,0,0,
32.5027904,1,0,
32.50473408,1,1,
32.55279008,0,1,
32.55473024,0,0,
32.60278992,1,0,
32.60472656,1,1,
32.6527896,0,1,
32.65472272,0,0,
32.70278928,1,0,
32.70471904,1,1,
32.75278912,0,1,
32.75471536,0,0,
32.8027888,1,0,
32.80471152,1,1,
32.85278848,0,1,
32.85470784,0,0,
32.90278832,1,0,
32.904704,1,1,
32.952788,0,1,
32.95470032,0,0,
33.00278784,1,0,
33.00469648,1,1,
33.05278752,0,1,
33.0546928,0,0,
33.1027872,1,0,
33.10468896,1,1,
33.15278704,0,1,
33.15468528,0,0,
33.20278672,1,0,
33.2046816,1,1,
33.2527864,0,1,
33.25467776,0,0,
33.30278624,1,0,
33.30467408,1,1,
33.35278592,0,1,
33.35467024,0,0,
33.4027856,1,0,
33.40466656,1,1,
33.45278544,0,1,
33.45466288,0,0,
33.50278512,1,0,
33.50465904,1,1,
33.5527848,0,1,
33.55465536,0,0,
33.60278464,1,0,
33.60465152,1,1,
33.65278432,0,1,
33.65464784,0,0,
33.702784,1,0,
33.704644,1,1,
33.75278384,0,1,
33.75464032,0,0,
33.80278352,1,0,
33.80463664,1,1,
33.8527832,0,1,
33.8546328,0,0,
33.90278304,1,0,
33.90462912,1,1,
33.95278272,0,1,
33.95462544,0,0,
34.00278256,1,0,
34.0046216,1,1,
34.05278224,0,1,
34.05461792,0,0,
34.10278192,1,0,
34.10461408,1,1,
34.15278176,0,1,
34.1546104,0,0,
34.20278144,1,0,
34.20460656,1,1,
34.25278112,0,1,
34.25460288,0,0,
34.30278096,1,0,
34.30459904,1,1,
34.35278064,0,1,
34.35459536,0,0,
34.40278032,1,0,
34.40459152,1,1,
34.45278016,0,1,
34.45458784,0,0,
34.50277984,1,0,
34.50458416,1,1,
34.55277952,0,1,
34.55458032,0,0,
34.60277936,1,0,
34.60457664,1,1,
34.65277904,0,1,
34.6545728,0,0,
34.70277872,1,0,
34.70456912,1,1,
34.75277856,0,1,
34.75456544,0,0,
34.80277824,1,0,
34.8045616,1,1,
34.85277792,0,1,
34.85455792,0,0,
34.90277776,1,0,
34.90455408,1,1,
34.95277744,0,1,
34.9545504,0,0,
35.00277728,1,0,
35.00454656,1,1,
35.05277696,0,1,
35.05454288,0,0,
35.10277664,1,0,
35.1045392,1,1,
35.15277648,0,1,
35.15553536,0,0,
35.20277616,1,0,
35.20453168,1,1,
35.25277584,0,1,
35.25452784,0,0,
35.30277568,1,0,
35.30452416,1,1,
35.35277536,0,1,
35.35552032,0,0,
35.40277504,1,0,
35.40451664,1,1,
35.45277488,0,1,
35.45451296,0,0,
35.50277456,1,0,
35.50450912,1,1,
35.55277424,0,1,
35.55550528,0,0,
35.60277408,1,0,
35.6045016,1,1,
35.65277376,0,1,
35.65549776,0,0,
35.70277344,1,0,
35.70449424,1,1,
35.75277328,0,1,
35.7544904,0,0,
35.80277296,1,0,
35.80448672,1,1,
35.85277264,0,1,
35.85548288,0,0,
35.90277248,1,0,
35.9044792,1,1,
35.95277216,0,1,
35.95547536,0,0,
36.002772,1,0,
36.00447168,1,1,
36.05277168,0,1,
36.05546784,0,0,
36.10277136,1,0,
36.10446416,1,1,
36.1527712,0,1,
36.15546032,0,0,
36.20277088,1,0,
36.20445664,1,1,
36.25277056,0,1,
36.2554528,0,0,
36.3027704,1,0,
36.30444912,1,1,
36.35277008,0,1,
36.35544528,0,0,
36.40276976,1,0,
36.40444176,1,1,
36.4527696,0,1,
36.45543792,0,0,
36.50276928,1,0,
36.50443424,1,1,
36.55276896,0,1,
36.5554304,0,0,
36.6027688,1,0,
36.60442672,1,1,
36.65276848,0,1,
36.65542288,0,0,
36.70276816,1,0,
36.7044192,1,1,
36.752768,0,1,
36.75541536,0,0,
36.80276768,1,0,
36.80441168,1,1,
36.85276736,0,1,
36.85540784,0,0,
36.9027672,1,0,
36.90440416,1,1,
36.95276688,0,1,
36.95540048,0,0,
37.00276672,1,0,
37.00439664,1,1,
37.0527664,0,1,
37.05539296,0,0,
37.10276608,1,0,
37.10438928,1,1,
37.15276592,0,1,
37.15538544,0,0,
37.2027656,1,0,
37.20438176,1,1,
37.25276528,0,1,
37.25537792,0,0,
37.30276512,1,0,
37.30437424,1,1,
37.3527648,0,1,
37.3553704,0,0,
37.40276448,1,0,
37.40436672,1,1,
37.45276432,0,1,
37.45536288,0,0,
37.502764,1,0,
37.5043592,1,1,
37.55276368,0,1,
37.55535536,0,0,
37.60276352,1,0,
37.60435168,1,1,
37.6527632,0,1,
37.65534784,0,0,
37.70276288,1,0,
37.70434432,1,1,
37.75276272,0,1,
37.75534048,0,0,
37.8027624,1,0,
37.8043368,1,1,
37.85276208,0,1,
37.85533296,0,0,
37.90276192,1,0,
37.90432928,1,1,
37.9527616,0,1,
37.95532544,0,0,
38.00276144,1,0,
38.00432176,1,1,
38.05276112,0,1,
38.05531792,0,0,
38.1027608,1,0,
38.10431424,1,1,
38.15276064,0,1,
38.1553104,0,0,
38.20276032,1,0,
38.20430672,1,1,
38.25276,0,1,
38.25530288,0,0,
38.30275984,1,0,
38.3042992,1,1,
38.35275952,0,1,
38.35529536,0,0,
38.4027592,1,0,
38.40429168,1,1,
38.45275904,0,1,
38.455288,0,0,
38.50275872,1,0,
38.50428432,1,1,
38.5527584,0,1,
38.55528048,0,0,
38.60275824,1,0,
38.6042768,1,1,
38.65275792,0,1,
38.65527296,0,0,
38.7027576,1,0,
38.70426928,1,1,
38.75275744,0,1,
38.75526544,0,0,
38.80275712,1,0,
38.80426176,1,1,
38.8527568,0,1,
38.85525792,0,0,
38.90275664,1,0,
38.90425424,1,1,
38.95275632,0,1,
38.9552504,0,0,
39.002756,1,0,
39.00424672,1,1,
39.05275584,0,1,
39.05524288,0,0,
39.10275552,1,0,
39.1042392,1,1,
39.15275536,0,1,
39.15523552,0,0,
39.20275504,1,0,
39.20423184,1,1,
39.25275472,0,1,
39.255228,0,0,
39.30275456,1,0,
39.30422432,1,1,
39.35275424,0,1,
39.35522048,0,0,
39.40275392,1,0,
39.4042168,1,1,
39.45275376,0,1,
39.45521296,0,0,
39.50275344,1,0,
39.50420928,1,1,
39.55275312,0,1,
39.55520544,0,0,
39.60275296,1,0,
39.60420176,1,1,
39.65275264,0,1,
39.65519792,0,0,
39.70275232,1,0,
39.70419424,1,1,
39.75275216,0,1,
39.7551904,0,0,
39.80275184,1,0,
39.80418688,1,1,
39.85275152,0,1,
39.85518304,0,0,
39.90275136,1,0,
39.90417936,1,1,
39.95275104,0,1,
39.95517552,0,0,
40.00275072,1,0,
40.00417184,1,1,
40.05275056,0,1,
40.055168,0,0,
40.10275024,1,0,
40.10416432,1,1,
40.15274992,0,1,
40.15516048,0,0,
40.20274976,1,0,
40.2041568,1,1,
40.25274944,0,1,
40.25515296,0,0,
40.30274928,1,0,
40.30414928,1,1,
40.35274896,0,1,
40.3551456,0,0,
40.40274864,1,0,
40.40414176,1,1,
40.45274848,0,1,
40.45513808,0,0,
40.50274816,1,0,
40.5041344,1,1,
40.55274784,0,1,
40.55513056,0,0,
40.60274768,1,0,
40.60412688,1,1,
40.65274736,0,1,
40.65512304,0,0,
40.70274704,1,0,
40.70411936,1,1,
40.75274688,0,1,
40.75511552,0,0,
40.80274656,1,0,
40.80411184,1,1,
40.85274624,0,1,
40.855108,0,0,
40.90274608,1,0,
40.90410432,1,1,
40.95274576,0,1,
40.95510048,0,0,
41.00274544,1,0,
41.0040968,1,1,
41.05274528,0,1,
41.05509312,0,0,
41.10274496,1,0,
41.10408928,1,1,
41.15274464,0,1,
41.1550856,0,0,
41.20274448,1,0,
41.20408192,1,1,
41.25274416,0,1,
41.25507808,0,0,
41.30274384,1,0,
41.3040744,1,1,
41.35274368,0,1,
41.35507056,0,0,
41.40274336,1,0,
41.40406688,1,1,
41.45274304,0,1,
41.45506304,0,0,
41.50274288,1,0,
41.50405936,1,1,
41.55274256,0,1,
41.55505552,0,0,
41.60274224,1,0,
41.60405184,1,1,
41.65274208,0,1,
41.655048,0,0,
41.70274176,1,0,
41.70404432,1,1,
41.7527416,0,1,
41.75504064,0,0,
41.80274128,1,0,
41.8040368,1,1,
41.85274096,0,1,
41.85503312,0,0,
41.9027408,1,0,
41.90402944,1,1,
41.95274048,0,1,
41.9550256,0,0,
42.00274016,1,0,
42.00402192,1,1,
42.05274,0,1,
42.05501808,0,0,
42.10273968,1,0,
42.1040144,1,1,
42.15273936,0,1,
42.15501056,0,0,
42.2027392,1,0,
42.20400688,1,1,
42.25273888,0,1,
42.25500304,0,0,
42.30273856,1,0,
42.30399936,1,1,
42.3527384,0,1,
42.35499552,0,0,
42.40273808,1,0,
42.40399184,1,1,
42.45273776,0,1,
42.45498816,0,0,
42.5027376,1,0,
42.50498432,1,1,
42.55273728,0,1,
42.55498064,0,0,
42.60273696,1,0,
42.60397696,1,1,
42.6527368,0,1,
42.65497312,0,0,
42.70273648,1,0,
42.70496928,1,1,
42.75273616,0,1,
42.7549656,0,0,
42.802736,1,0,
42.80496176,1,1,
42.85273568,0,1,
42.85495808,0,0,
42.90273552,1,0,
42.90495424,1,1,
42.9527352,0,1,
42.95495056,0,0,
43.00273488,1,0,
43.00494688,1,1,
43.05273472,0,1,
43.05494304,0,0,
43.1027344,1,0,
43.10493936,1,1,
43.15273408,0,1,
43.15493568,0,0,
43.20273392,1,0,
43.20493184,1,1,
43.2527336,0,1,
43.254928,0,0,
43.30273328,1,0,
43.30392448,1,1,
43.35273312,0,1,
43.35492064,0,0,
43.4027328,1,0,
43.4049168,1,1,
43.45273248,0,1,
43.45491312,0,0,
43.50273232,1,0,
43.50490928,1,1,
43.552732,0,1,
43.5549056,0,0,
43.60273168,1,0,
43.60490176,1,1,
43.65273152,0,1,
43.65489808,0,0,
43.7027312,1,0,
43.7048944,1,1,
43.75273088,0,1,
43.75489056,0,0,
43.80273072,1,0,
43.80488688,1,1,
43.8527304,0,1,
43.85488304,0,0,
43.90273008,1,0,
43.90487936,1,1,
43.95272992,0,1,
43.95487552,0,0,
44.0027296,1,0,
44.00487184,1,1,
44.05272928,0,1,
44.05486816,0,0,
44.10272912,1,0,
44.10486432,1,1,
44.1527288,0,1,
44.15486064,0,0,
44.20272848,1,0,
44.2048568,1,1,
44.25272832,0,1,
44.25485312,0,0,
44.302728,1,0,
44.30484928,1,1,
44.35272784,0,1,
44.3548456,0,0,
44.40272752,1,0,
44.40484192,1,1,
44.4527272,0,1,
44.45483808,0,0,
44.50272704,1,0,
44.5048344,1,1,
44.55272672,0,1,
44.55483056,0,0,
44.6027264,1,0,
44.60482688,1,1,
44.65272624,0,1,
44.65482304,0,0,
44.70272592,1,0,
44.70481936,1,1,
44.7527256,0,1,
44.75481568,0,0,
44.80272544,1,0,
44.80481184,1,1,
44.85272512,0,1,
44.85480816,0,0,
44.9027248,1,0,
44.90480432,1,1,
44.95272464,0,1,
44.95480064,0,0,
45.00272432,1,0,
45.0047968,1,1,
45.052724,0,1,
45.05479312,0,0,
45.10272384,1,0,
45.10478928,1,1,
45.15272352,0,1,
45.1547856,0,0,
45.2027232,1,0,
45.20478192,1,1,
45.25272304,0,1,
45.25477808,0,0,
45.30272272,1,0,
45.3047744,1,1,
45.3527224,0,1,
45.35477056,0,0,
45.40272224,1,0,
45.40476688,1,1,
45.45272192,0,1,
45.4547632,0,0,
45.5027216,1,0,
45.50475936,1,1,
45.55272144,0,1,
45.55475568,0,0,
45.60272112,1,0,
45.60475184,1,1,
45.6527208,0,1,
45.65474816,0,0,
45.70272064,1,0,
45.70474432,1,1,
45.75272032,0,1,
45.75474064,0,0,
45.80272,1,0,
45.8047368,1,1,
45.85271984,0,1,
45.85473312,0,0,
45.90271952,1,0,
45.90472944,1,1,
45.95271936,0,1,
45.9547256,0,0,
46.00271904,1,0,
46.00472192,1,1,
46.05271872,0,1,
46.05471824,0,0,
46.10271856,1,0,
46.1047144,1,1,
46.15271824,0,1,
46.15471072,0,0,
46.20271792,1,0,
46.20470688,1,1,
46.25271776,0,1,
46.2547032,0,0,
46.30271744,1,0,
46.30469936,1,1,
46.35271712,0,1,
46.35469568,0,0,
46.40271696,1,0,
46.40469184,1,1,
46.45271664,0,1,
46.45468816,0,0,
46.50271632,1,0,
46.50468432,1,1,
46.55271616,0,1,
46.55468064,0,0,
46.60271584,1,0,
46.60467696,1,1,
46.65271552,0,1,
46.65467312,0,0,
46.70271536,1,0,
46.70466944,1,1,
46.75271504,0,1,
46.7546656,0,0,
46.80271472,1,0,
46.80466192,1,1,
46.85271456,0,1,
46.85465808,0,0,
46.90271424,1,0,
46.9046544,1,1,
46.95271392,0,1,
46.95465072,0,0,
47.00271376,1,0,
47.00464688,1,1,
47.05271344,0,1,
47.0546432,0,0,
47.10271312,1,0,
47.10463936,1,1,
47.15271296,0,1,
47.15463568,0,0,
47.20271264,1,0,
47.20463184,1,1,
47.25271232,0,1,
47.25462816,0,0,
47.30271216,1,0,
47.30462432,1,1,
47.35271184,0,1,
47.35462064,0,0,
47.40271168,1,0,
47.40461696,1,1,
47.45271136,0,1,
47.45461312,0,0,
47.50271104,1,0,
47.50460944,1,1,
47.55271088,0,1,
47.5546056,0,0,
47.60271056,1,0,
47.60460192,1,1,
47.65271024,0,1,
47.65459824,0,0,
47.70271008,1,0,
47.7045944,1,1,
47.75270976,0,1,
47.75459072,0,0,
47.80270944,1,0,
47.80458688,1,1,
47.85270928,0,1,
47.8545832,0,0,
47.90270896,1,0,
47.90457936,1,1,
47.95270864,0,1,
47.95457568,0,0,
48.00270848,1,0,
48.00457184,1,1,
48.05270816,0,1,
48.05456816,0,0,
48.10270784,1,0,
48.10456448,1,1,
48.15270768,0,1,
48.15456064,0,0,
48.20270736,1,0,
48.20455696,1,1,
48.25270704,0,1,
48.25455328,0,0,
48.30270688,1,0,
48.30454944,1,1,
48.35270656,0,1,
48.3545456,0,0,
48.40270624,1,0,
48.40454192,1,1,
48.45270608,0,1,
48.45453824,0,0,
48.50270576,1,0,
48.5045344,1,1,
48.55270544,0,1,
48.55453072,0,0,
48.60270528,1,0,
48.60452688,1,1,
48.65270496,0,1,
48.6545232,0,0,
48.70270464,1,0,
48.70451936,1,1,
48.75270448,0,1,
48.75451568,0,0,
48.80270416,1,0,
48.804512,1,1,
48.85270384,0,1,
48.85450816,0,0,
48.90270368,1,0,
48.90450448,1,1,
48.95270336,0,1,
48.95450064,0,0,
49.00270304,1,0,
49.00449696,1,1,
49.05270288,0,1,
49.05449312,0,0,
49.10270256,1,0,
49.10448944,1,1,
49.15270224,0,1,
49.15448576,0,0,
49.20270208,1,0,
49.20448192,1,1,
49.25270176,0,1,
49.25447824,0,0,
49.30270144,1,0,
49.3044744,1,1,
49.35270128,0,1,
49.35447072,0,0,
49.40270096,1,0,
49.40446688,1,1,
49.45270064,0,1,
49.4544632,0,0,
49.50270048,1,0,
49.50445936,1,1,
49.55270016,0,1,
49.55445568,0,0,
49.6027,1,0,
49.604452,1,1,
49.65269968,0,1,
49.65444816,0,0,
49.70269936,1,0,
49.70444448,1,1,
49.7526992,0,1,
49.7544408,0,0,
49.80269888,1,0,
49.80443696,1,1,
49.85269856,0,1,
49.85443312,0,0,
49.9026984,1,0,
49.90442944,1,1,
49.95269808,0,1,
49.95442576,0,0,
50.00269776,1,0,
50.00442192,1,1,
50.0526976,0,1,
50.05441824,0,0,
50.10269728,1,0,
50.1044144,1,1,
50.15269696,0,1,
50.15441072,0,0,
50.2026968,1,0,
50.20440688,1,1,
50.25269648,0,1,
50.2544032,0,0,
50.30269616,1,0,
50.30439952,1,1,
50.352696,0,1,
50.35439568,0,0,
50.40269568,1,0,
50.404392,1,1,
50.45269536,0,1,
50.45438816,0,0,
50.5026952,1,0,
50.50438448,1,1,
50.55269488,0,1,
50.55538064,0,0,
50.60269456,1,0,
50.60437696,1,1,
50.6526944,0,1,
50.65537312,0,0,
50.70269408,1,0,
50.70436944,1,1,
50.75269376,0,1,
50.7553656,0,0,
50.8026936,1,0,
50.80436192,1,1,
50.85269328,0,1,
50.85535824,0,0,
50.90269296,1,0,
50.9043544,1,1,
50.9526928,0,1,
50.95535072,0,0,
51.00269248,1,0,
51.00434704,1,1,
51.05269216,0,1,
51.0553432,0,0,
51.102692,1,0,
51.10433952,1,1,
51.15269168,0,1,
51.15533568,0,0,
51.20269136,1,0,
51.204332,1,1,
51.2526912,0,1,
51.25532816,0,0,
51.30269088,1,0,
51.30432448,1,1,
51.35269056,0,1,
51.35532064,0,0,
51.4026904,1,0,
51.40431696,1,1,
51.45269008,0,1,
51.45531312,0,0,
51.50268976,1,0,
51.50430944,1,1,
51.5526896,0,1,
51.5553056,0,0,
51.60268928,1,0,
51.60430192,1,1,
51.65268896,0,1,
51.65529808,0,0,
51.7026888,1,0,
51.7042944,1,1,
51.75268848,0,1,
51.75529072,0,0,
51.80268832,1,0,
51.80428688,1,1,
51.852688,0,1,
51.8552832,0,0,
51.90268768,1,0,
51.90427952,1,1,
51.95268752,0,1,
51.95527568,0,0,
52.0026872,1,0,
52.004272,1,1,
52.05268688,0,1,
52.05526816,0,0,
52.10268672,1,0,
52.10426448,1,1,
52.1526864,0,1,
52.15526064,0,0,
52.20268608,1,0,
52.20425696,1,1,
52.25268592,0,1,
52.25525312,0,0,
52.3026856,1,0,
52.30424944,1,1,
52.35268528,0,1,
52.3552456,0,0,
52.40268512,1,0,
52.40424192,1,1,
52.4526848,0,1,
52.45523808,0,0,
52.50268448,1,0,
52.5042344,1,1,
52.55268432,0,1,
52.55523072,0,0,
52.602684,1,0,
52.60422688,1,1,
52.65268368,0,1,
52.6552232,0,0,
52.70268352,1,0,
52.70421952,1,1,
52.7526832,0,1,
52.75521568,0,0,
52.80268288,1,0,
52.804212,1,1,
52.85268272,0,1,
52.85520816,0,0,
52.9026824,1,0,
52.90420448,1,1,
52.95268208,0,1,
52.95520064,0,0,
53.00268192,1,0,
53.00419696,1,1,
53.0526816,0,1,
53.05519312,0,0,
53.10268128,1,0,
53.10418944,1,1,
53.15268112,0,1,
53.1551856,0,0,
53.2026808,1,0,
53.20418192,1,1,
53.25268048,0,1,
53.25517808,0,0,
53.30268032,1,0,
53.3041744,1,1,
53.35268,0,1,
53.35517072,0,0,
53.40267968,1,0,
53.40416704,1,1,
53.45267952,0,1,
53.4551632,0,0,
53.5026792,1,0,
53.50415952,1,1,
53.55267888,0,1,
53.55515568,0,0,
53.60267872,1,0,
53.604152,1,1,
53.6526784,0,1,
53.65514816,0,0,
53.70267808,1,0,
53.70414448,1,1,
53.75267792,0,1,
53.75514064,0,0,
53.8026776,1,0,
53.80413696,1,1,
53.85267728,0,1,
53.85513312,0,0,
53.90267712,1,0,
53.90412944,1,1,
53.9526768,0,1,
53.9551256,0,0,
54.00267648,1,0,
54.00412192,1,1,
54.05267632,0,1,
54.05511824,0,0,
54.102676,1,0,
54.1041144,1,1,
54.15267568,0,1,
54.15511072,0,0,
54.20267552,1,0,
54.20410704,1,1,
54.2526752,0,1,
54.2551032,0,0,
54.30267504,1,0,
54.30409952,1,1,
54.35267472,0,1,
54.35509568,0,0,
54.4026744,1,0,
54.404092,1,1,
54.45267424,0,1,
54.45508816,0,0,
54.50267392,1,0,
54.50408448,1,1,
54.5526736,0,1,
54.55508064,0,0,
54.60267344,1,0,
54.60407696,1,1,
54.65267312,0,1,
54.65507312,0,0,
54.7026728,1,0,
54.70406944,1,1,
54.75267264,0,1,
54.7550656,0,0,
54.80267232,1,0,
54.80406192,1,1,
54.852672,0,1,
54.85505824,0,0,
54.90267184,1,0,
54.9040544,1,1,
54.95267152,0,1,
54.95505072,0,0,
55.0026712,1,0,
55.00404704,1,1,
55.05267104,0,1,
55.0550432,0,0,
55.10267072,1,0,
55.10403952,1,1,
55.1526704,0,1,
55.15503568,0,0,
55.20267024,1,0,
55.204032,1,1,
55.25266992,0,1,
55.25502816,0,0,
55.3026696,1,0,
55.30402448,1,1,
55.35266944,0,1,
55.35502064,0,0,
55.40266912,1,0,
55.40401696,1,1,
55.4526688,0,1,
55.45501312,0,0,
55.50266864,1,0,
55.50400944,1,1,
55.55266832,0,1,
55.5550056,0,0,
55.602668,1,0,
55.60400192,1,1,
55.65266784,0,1,
55.65499824,0,0,
55.70266752,1,0,
55.7039944,1,1,
55.7526672,0,1,
55.75499072,0,0,
55.80266704,1,0,
55.80398704,1,1,
55.85266672,0,1,
55.8549832,0,0,
55.9026664,1,0,
55.90397952,1,1,
55.95266624,0,1,
55.95497568,0,0,
56.00266592,1,0,
56.003972,1,1,
56.0526656,0,1,
56.05496816,0,0,
56.10266544,1,0,
56.10396448,1,1,
56.15266512,0,1,
56.15496064,0,0,
56.2026648,1,0,
56.20395696,1,1,
56.25266464,0,1,
56.25495312,0,0,
56.30266432,1,0,
56.30394944,1,1,
56.352664,0,1,
56.3549456,0,0,
56.40266384,1,0,
56.40394192,1,1,
56.45266352,0,1,
56.45493824,0,0,
56.5026632,1,0,
56.5039344,1,1,
56.55266304,0,1,
56.55493072,0,0,
56.60266272,1,0,
56.60492688,1,1,
56.6526624,0,1,
56.6549232,0,0,
56.70266224,1,0,
56.70491936,1,1,
56.75266192,0,1,
56.75491568,0,0,
56.8026616,1,0,
56.803912,1,1,
56.85266144,0,1,
56.85490816,0,0,
56.90266112,1,0,
56.90390448,1,1,
56.9526608,0,1,
56.95490064,0,0,
57.00266064,1,0,
57.00489696,1,1,
57.05266032,0,1,
57.05489312,0,0,
57.10266016,1,0,
57.10488944,1,1,
57.15265984,0,1,
57.15488576,0,0,
57.20265952,1,0,
57.20488192,1,1,
57.25265936,0,1,
57.25487824,0,0,
57.30265904,1,0,
57.3048744,1,1,
57.35265872,0,1,
57.35487072,0,0,
57.40265856,1,0,
57.40486688,1,1,
57.45265824,0,1,
57.4548632,0,0,
57.50265792,1,0,
57.50485936,1,1,
57.55265776,0,1,
57.55485568,0,0,
57.60265744,1,0,
57.60485184,1,1,
57.65265712,0,1,
57.65484816,0,0,
57.70265696,1,0,
57.70484432,1,1,
57.75265664,0,1,
57.75484064,0,0,
57.80265632,1,0,
57.80483696,1,1,
57.85265616,0,1,
57.85483312,0,0,
57.90265584,1,0,
57.90482944,1,1,
57.95265552,0,1,
57.95482576,0,0,
58.00265536,1,0,
58.00482192,1,1,
58.05265504,0,1,
58.05481808,0,0,
58.10265472,1,0,
58.1048144,1,1,
58.15265456,0,1,
58.15481072,0,0,
58.20265424,1,0,
58.20480688,1,1,
58.25265392,0,1,
58.2548032,0,0,
58.30265376,1,0,
58.30479936,1,1,
58.35265344,0,1,
58.35479568,0,0,
58.40265312,1,0,
58.40479184,1,1,
58.45265296,0,1,
58.45478816,0,0,
58.50265264,1,0,
58.50478432,1,1,
58.55265232,0,1,
58.55478064,0,0,
58.60265216,1,0,
58.60477696,1,1,
58.65265184,0,1,
58.65477312,0,0,
58.70265152,1,0,
58.70476944,1,1,
58.75265136,0,1,
58.75476576,0,0,
58.80265104,1,0,
58.80476192,1,1,
58.85265072,0,1,
58.85475824,0,0,
58.90265056,1,0,
58.9047544,1,1,
58.95265024,0,1,
58.95475072,0,0,
59.00264992,1,0,
59.00474688,1,1,
59.05264976,0,1,
59.0547432,0,0,
59.10264944,1,0,
59.10473936,1,1,
59.15264912,0,1,
59.15473568,0,0,
59.20264896,1,0,
59.20473184,1,1,
59.25264864,0,1,
59.25472816,0,0,
59.30264832,1,0,
59.30472432,1,1,
59.35264816,0,1,
59.35472064,0,0,
59.40264784,1,0,
59.40471696,1,1,
59.45264752,0,1,
59.45471312,0,0,
59.50264736,1,0,
59.50470944,1,1,
59.55264704,0,1,
59.5547056,0,0,
59.60264672,1,0,
59.60470192,1,1,
59.65264656,0,1,
59.65469808,0,0,
59.70264624,1,0,
59.7046944,1,1,
59.75264592,0,1,
59.75469072,0,0,
59.80264576,1,0,
59.80468688,1,1,
59.85264544,0,1,
59.8546832,0,0,
59.90264512,1,0,
59.90467936,1,1,
59.95264496,0,1,
59.95467568,0,0,
60.00264464,1,0,
60.00467184,1,1,
60.05264432,0,1,
60.05466816,0,0,
60.10264416,1,0,
60.10466432,1,1,
60.15264384,0,1,
60.15466064,0,0,
60.20264352,1,0,
60.20465696,1,1,
60.25264336,0,1,
60.25465312,0,0,
60.30264304,1,0,
60.30464944,1,1,
60.35264272,0,1,
60.3546456,0,0,
60.40264256,1,0,
60.40464192,1,1,
60.45264224,0,1,
60.45463808,0,0,
60.50264192,1,0,
60.5046344,1,1,
60.55264176,0,1,
60.55463072,0,0,
60.60264144,1,0,
60.60462688,1,1,
60.65264112,0,1,
60.6546232,0,0,
60.70264096,1,0,
60.70461936,1,1,
60.75264064,0,1,
60.75461568,0,0,
60.80264032,1,0,
60.80461184,1,1,
60.85264016,0,1,
60.85460816,0,0,
60.90263984,1,0,
60.90460432,1,1,
60.95263952,0,1,
60.95460064,0,0,
61.00263936,1,0,
61.0045968,1,1,
61.05263904,0,1,
61.05459312,0,0,
61.10263872,1,0,
61.10458944,1,1,
61.15263856,0,1,
61.1545856,0,0,
61.20263824,1,0,
61.20458192,1,1,
61.25263792,0,1,
61.25457808,0,0,
61.30263776,1,0,
61.3045744,1,1,
61.35263744,0,1,
61.35457056,0,0,
61.40263712,1,0,
61.40456688,1,1,
61.45263696,0,1,
61.4545632,0,0,
61.50263664,1,0,
61.50455936,1,1,
61.55263632,0,1,
61.55455568,0,0,
61.60263616,1,0,
61.60455184,1,1,
61.65263584,0,1,
61.65454816,0,0,
61.70263552,1,0,
61.70454432,1,1,
61.75263536,0,1,
61.75454064,0,0,
61.80263504,1,0,
61.8045368,1,1,
61.85263472,0,1,
61.85453312,0,0,
61.90263456,1,0,
61.90452944,1,1,
61.95263424,0,1,
61.9545256,0,0,
62.00263392,1,0,
62.00452192,1,1,
62.05263376,0,1,
62.05451808,0,0,
62.10263344,1,0,
62.1045144,1,1,
62.15263312,0,1,
62.15451072,0,0,
62.20263296,1,0,
62.20450688,1,1,
62.25263264,0,1,
62.2545032,0,0,
62.30263232,1,0,
62.30449936,1,1,
62.35263216,0,1,
62.35449568,0,0,
62.40263184,1,0,
62.40449184,1,1,
62.45263152,0,1,
62.45448816,0,0,
62.50263136,1,0,
62.50448432,1,1,
62.55263104,0,1,
62.55448064,0,0,
62.60263072,1,0,
62.6044768,1,1,
62.65263056,0,1,
62.65447312,0,0,
62.70263024,1,0,
62.70446928,1,1,
62.75262992,0,1,
62.7544656,0,0,
62.80262976,1,0,
62.80446192,1,1,
62.85262944,0,1,
62.85445808,0,0,
62.90262912,1,0,
62.9044544,1,1,
62.95262896,0,1,
62.95445072,0,0,
63.00262864,1,0,
63.00444688,1,1,
63.05262832,0,1,
63.0544432,0,0,
63.10262816,1,0,
63.10443936,1,1,
63.15262784,0,1,
63.15443568,0,0,
63.20262752,1,0,
63.20443184,1,1,
63.25262736,0,1,
63.25442816,0,0,
63.30262704,1,0,
63.30442432,1,1,
63.35262672,0,1,
63.35442064,0,0,
63.40262656,1,0,
63.4044168,1,1,
63.45262624,0,1,
63.45441312,0,0,
63.50262592,1,0,
63.50440928,1,1,
63.55262576,0,1,
63.5544056,0,0,
63.60262544,1,0,
63.60440192,1,1,
63.65262512,0,1,
63.65439808,0,0,
63.70262496,1,0,
63.7043944,1,1,
63.75262464,0,1,
63.75439056,0,0,
63.80262432,1,0,
63.80438688,1,1,
63.85262416,0,1,
63.85438304,0,0,
63.90262384,1,0,
63.90437936,1,1,
63.95262352,0,1,
63.95437568,0,0,
64.00262336,1,0,
64.00437184,1,1,
64.05262304,0,1,
64.05436816,0,0,
64.10262272,1,0,
64.10436432,1,1,
64.15262256,0,1,
64.15436064,0,0,
64.20262224,1,0,
64.2043568,1,1,
64.25262192,0,1,
64.25435312,0,0,
64.30262176,1,0,
64.30434928,1,1,
64.35262144,0,1,
64.3543456,0,0,
64.40262112,1,0,
64.40434176,1,1,
64.45262096,0,1,
64.45433808,0,0,
64.50262064,1,0,
64.5043344,1,1,
64.55262032,0,1,
64.55533056,0,0,
64.60262016,1,0,
64.60432688,1,1,
64.65261984,0,1,
64.65432304,0,0,
64.70261952,1,0,
64.70431936,1,1,
64.75261936,0,1,
64.75431552,0,0,
64.80261904,1,0,
64.80431184,1,1,
64.85261872,0,1,
64.85430816,0,0,
64.90261856,1,0,
64.90430432,1,1,
64.95261824,0,1,
64.95530048,0,0,
65.00261792,1,0,
65.0042968,1,1,
65.05261776,0,1,
65.05529296,0,0,
65.10261744,1,0,
65.10428928,1,1,
65.15261712,0,1,
65.1552856,0,0,
65.20261696,1,0,
65.20428176,1,1,
65.25261664,0,1,
65.25527792,0,0,
65.30261632,1,0,
65.3042744,1,1,
65.35261616,0,1,
65.35527056,0,0,
65.40261584,1,0,
65.40426688,1,1,
65.45261552,0,1,
65.45526304,0,0,
65.50261536,1,0,
65.50425936,1,1,
65.55261504,0,1,
65.55525552,0,0,
65.60261472,1,0,
65.60425184,1,1,
65.65261456,0,1,
65.655248,0,0,
65.70261424,1,0,
65.70424432,1,1,
65.75261392,0,1,
65.75524048,0,0,
65.80261376,1,0,
65.8042368,1,1,
65.85261344,0,1,
65.85523296,0,0,
65.90261312,1,0,
65.90422928,1,1,
65.95261296,0,1,
65.95522544,0,0,
66.00261264,1,0,
66.00422176,1,1,
66.05261232,0,1,
66.05521792,0,0,
66.10261216,1,0,
66.10421424,1,1,
66.15261184,0,1,
66.15521056,0,0,
66.20261152,1,0,
66.20420688,1,1,
66.25261136,0,1,
66.25520304,0,0,
66.30261104,1,0,
66.30419936,1,1,
66.35261072,0,1,
66.35519552,0,0,
66.40261056,1,0,
66.40419184,1,1,
66.45261024,0,1,
66.455188,0,0,
66.50260992,1,0,
66.50418432,1,1,
66.55260976,0,1,
66.55518048,0,0,
66.60260944,1,0,
66.6041768,1,1,
66.65260912,0,1,
66.65517296,0,0,
66.70260896,1,0,
66.70416928,1,1,
66.75260864,0,1,
66.75516544,0,0,
66.80260832,1,0,
66.80416176,1,1,
66.85260816,0,1,
66.85515792,0,0,
66.90260784,1,0,
66.90415424,1,1,
66.95260752,0,1,
66.9551504,0,0,
67.00260736,1,0,
67.00414672,1,1,
67.05260704,0,1,
67.05514304,0,0,
67.10260672,1,0,
67.10413936,1,1,
67.15260656,0,1,
67.15513552,0,0,
67.20260624,1,0,
67.20413184,1,1,
67.25260592,0,1,
67.255128,0,0,
67.30260576,1,0,
67.30412432,1,1,
67.35260544,0,1,
67.35512048,0,0,
67.40260512,1,0,
67.4041168,1,1,
67.45260496,0,1,
67.45511296,0,0,
67.50260464,1,0,
67.50410928,1,1,
67.55260432,0,1,
67.55510544,0,0,
67.60260416,1,0,
67.60410176,1,1,
67.65260384,0,1,
67.65509792,0,0,
67.70260352,1,0,
67.70409424,1,1,
67.75260336,0,1,
67.7550904,0,0,
67.80260304,1,0,
67.80408672,1,1,
67.85260272,0,1,
67.85508288,0,0,
67.90260256,1,0,
67.9040792,1,1,
67.95260224,0,1,
67.95507552,0,0,
68.00260192,1,0,
68.00407184,1,1,
68.05260176,0,1,
68.055068,0,0,
68.10260144,1,0,
68.10406432,1,1,
68.15260112,0,1,
68.15506048,0,0,
68.20260096,1,0,
68.2040568,1,1,
68.25260064,0,1,
68.25505296,0,0,
68.30260032,1,0,
68.30404928,1,1,
68.35260016,0,1,
68.35504544,0,0,
68.40259984,1,0,
68.40404176,1,1,
68.45259952,0,1,
68.45503792,0,0,
68.50259936,1,0,
68.50403424,1,1,
68.55259904,0,1,
68.5550304,0,0,
68.60259872,1,0,
68.60402672,1,1,
68.65259856,0,1,
68.65502288,0,0,
68.70259824,1,0,
68.7040192,1,1,
68.75259792,0,1,
68.75501536,0,0,
68.80259776,1,0,
68.80401168,1,1,
68.85259744,0,1,
68.855008,0,0,
68.90259712,1,0,
68.90400432,1,1,
68.95259696,0,1,
68.95500048,0,0,
69.00259664,1,0,
69.0039968,1,1,
69.05259632,0,1,
69.05499296,0,0,
69.10259616,1,0,
69.10398928,1,1,
69.15259584,0,1,
69.15498544,0,0,
69.20259552,1,0,
69.20398176,1,1,
69.25259536,0,1,
69.25497792,0,0,
69.30259504,1,0,
69.30397424,1,1,
69.35259472,0,1,
69.3549704,0,0,
69.40259456,1,0,
69.40396672,1,1,
69.45259424,0,1,
69.45496288,0,0,
69.50259392,1,0,
69.5039592,1,1,
69.55259376,0,1,
69.55495536,0,0,
69.60259344,1,0,
69.60395168,1,1,
69.65259312,0,1,
69.65494784,0,0,
69.70259296,1,0,
69.70394416,1,1,
69.75259264,0,1,
69.75494048,0,0,
69.80259232,1,0,
69.8039368,1,1,
69.85259216,0,1,
69.85493296,0,0,
69.90259184,1,0,
69.90392928,1,1,
69.95259152,0,1,
69.95492544,0,0,
70.00259136,1,0,
70.00392176,1,1,
70.05259104,0,1,
70.05491792,0,0,
70.10259072,1,0,
70.10391424,1,1,
70.15259056,0,1,
70.1549104,0,0,
70.20259024,1,0,
70.20390672,1,1,
70.25258992,0,1,
70.25490288,0,0,
70.30258976,1,0,
70.3048992,1,1,
70.35258944,0,1,
70.35489536,0,0,
70.40258912,1,0,
70.40389168,1,1,
70.4525888,0,1,
70.45488784,0,0,
70.50258864,1,0,
70.50388416,1,1,
70.55258832,0,1,
70.55488048,0,0,
70.60258816,1,0,
70.60487664,1,1,
70.65258784,0,1,
70.6548728,0,0,
70.70258752,1,0,
70.70486912,1,1,
70.7525872,0,1,
70.75486544,0,0,
70.80258704,1,0,
70.8048616,1,1,
70.85258672,0,1,
70.85485792,0,0,
70.9025864,1,0,
70.90485408,1,1,
70.95258624,0,1,
70.9548504,0,0,
71.00258592,1,0,
71.00484656,1,1,
71.0525856,0,1,
71.05484288,0,0,
71.10258544,1,0,
71.10483904,1,1,
71.15258512,0,1,
71.15483536,0,0,
71.2025848,1,0,
71.20483168,1,1,
71.25258464,0,1,
71.25482784,0,0,
71.30258432,1,0,
71.30482416,1,1,
71.352584,0,1,
71.35482032,0,0,
71.40258384,1,0,
71.40481664,1,1,
71.45258352,0,1,
71.4548128,0,0,
71.5025832,1,0,
71.50480912,1,1,
71.55258304,0,1,
71.55480528,0,0,
71.60258272,1,0,
71.6048016,1,1,
71.6525824,0,1,
71.65479792,0,0,
71.70258224,1,0,
71.70479408,1,1,
71.75258192,0,1,
71.7547904,0,0,
71.8025816,1,0,
71.80478656,1,1,
71.85258144,0,1,
71.85478288,0,0,
71.90258112,1,0,
71.90477904,1,1,
71.9525808,0,1,
71.95477536,0,0,
72.00258064,1,0,
72.00477152,1,1,
72.05258032,0,1,
72.05476784,0,0,
72.10258,1,0,
72.104764,1,1,
72.15257984,0,1,
72.15476032,0,0,
72.20257952,1,0,
72.20475664,1,1,
72.2525792,0,1,
72.2547528,0,0,
72.30257904,1,0,
72.30474912,1,1,
72.35257872,0,1,
72.35474528,0,0,
72.4025784,1,0,
72.4047416,1,1,
72.45257824,0,1,
72.45473792,0,0,
72.50257792,1,0,
72.50473408,1,1,
72.5525776,0,1,
72.55473024,0,0,
72.60257744,1,0,
72.60472656,1,1,
72.65257712,0,1,
72.65472288,0,0,
72.7025768,1,0,
72.70471904,1,1,
72.75257664,0,1,
72.75471536,0,0,
72.80257632,1,0,
72.80471152,1,1,
72.852576,0,1,
72.85470784,0,0,
72.90257584,1,0,
72.904704,1,1,
72.95257552,0,1,
72.95470032,0,0,
73.0025752,1,0,
73.00469648,1,1,
73.05257488,0,1,
73.0546928,0,0,
73.10257472,1,0,
73.10468896,1,1,
73.1525744,0,1,
73.15468528,0,0,
73.20257408,1,0,
73.2046816,1,1,
73.25257392,0,1,
73.25467776,0,0,
73.3025736,1,0,
73.30467408,1,1,
73.35257328,0,1,
73.35467024,0,0,
73.40257312,1,0,
73.40466656,1,1,
73.4525728,0,1,
73.45466272,0,0,
73.50257248,1,0,
73.50465904,1,1,
73.55257232,0,1,
73.55465536,0,0,
73.602572,1,0,
73.60465152,1,1,
73.65257168,0,1,
73.65464784,0,0,
73.70257152,1,0,
73.704644,1,1,
73.7525712,0,1,
73.75464032,0,0,
73.80257088,1,0,
73.80463648,1,1,
73.85257072,0,1,
73.8546328,0,0,
73.9025704,1,0,
73.90462896,1,1,
73.95257008,0,1,
73.95462528,0,0,
74.00256992,1,0,
74.00462144,1,1,
74.0525696,0,1,
74.05461776,0,0,
74.10256928,1,0,
74.10461408,1,1,
74.15256912,0,1,
74.15461024,0,0,
74.2025688,1,0,
74.20460656,1,1,
74.25256848,0,1,
74.25460272,0,0,
74.30256832,1,0,
74.30459904,1,1,
74.352568,0,1,
74.35459536,0,0,
74.40256768,1,0,
74.40459152,1,1,
74.45256752,0,1,
74.45458768,0,0,
74.5025672,1,0,
74.504584,1,1,
74.55256688,0,1,
74.55458032,0,0,
74.60256672,1,0,
74.60457648,1,1,
74.6525664,0,1,
74.6545728,0,0,
74.70256608,1,0,
74.70456896,1,1,
74.75256592,0,1,
74.75456528,0,0,
74.8025656,1,0,
74.80456144,1,1,
74.85256528,0,1,
74.85455776,0,0,
74.90256512,1,0,
74.90455392,1,1,
74.9525648,0,1,
74.95455024,0,0,
75.00256448,1,0,
75.0045464,1,1,
75.05256432,0,1,
75.05454272,0,0,
75.102564,1,0,
75.10453904,1,1,
75.15256368,0,1,
75.1545352,0,0,
75.20256336,1,0,
75.20453152,1,1,
75.2525632,0,1,
75.25452768,0,0,
75.30256288,1,0,
75.304524,1,1,
75.35256256,0,1,
75.35452032,0,0,
75.4025624,1,0,
75.40451648,1,1,
75.45256208,0,1,
75.45451264,0,0,
75.50256176,1,0,
75.50450896,1,1,
75.5525616,0,1,
75.55450528,0,0,
75.60256128,1,0,
75.60450144,1,1,
75.65256096,0,1,
75.65449776,0,0,
75.7025608,1,0,
75.70449392,1,1,
75.75256048,0,1,
75.75449024,0,0,
75.80256016,1,0,
75.8044864,1,1,
75.85256,0,1,
75.85448272,0,0,
75.90255968,1,0,
75.90447888,1,1,
75.95255936,0,1,
75.9544752,0,0,
76.0025592,1,0,
76.00447136,1,1,
76.05255888,0,1,
76.05446768,0,0,
76.10255856,1,0,
76.104464,1,1,
76.1525584,0,1,
76.15446016,0,0,
76.20255808,1,0,
76.20445648,1,1,
76.25255776,0,1,
76.25445264,0,0,
76.3025576,1,0,
76.30444896,1,1,
76.35255728,0,1,
76.35444528,0,0,
76.40255696,1,0,
76.40444144,1,1,
76.4525568,0,1,
76.4544376,0,0,
76.50255648,1,0,
76.50443392,1,1,
76.55255616,0,1,
76.55443024,0,0,
76.602556,1,0,
76.6044264,1,1,
76.65255568,0,1,
76.65442272,0,0,
76.70255536,1,0,
76.70441888,1,1,
76.7525552,0,1,
76.7544152,0,0,
76.80255488,1,0,
76.80441136,1,1,
76.85255456,0,1,
76.85440768,0,0,
76.9025544,1,0,
76.90440384,1,1,
76.95255408,0,1,
76.95440016,0,0,
77.00255376,1,0,
77.00439632,1,1,
77.05255344,0,1,
77.05439264,0,0,
77.10255328,1,0,
77.10438896,1,1,
77.15255296,0,1,
77.15438512,0,0,
77.20255264,1,0,
77.20438144,1,1,
77.25255248,0,1,
77.2543776,0,0,
77.30255216,1,0,
77.30437392,1,1,
77.35255184,0,1,
77.35437008,0,0,
77.40255168,1,0,
77.4043664,1,1,
77.45255136,0,1,
77.45436256,0,0,
77.50255104,1,0,
77.50435888,1,1,
77.55255088,0,1,
77.5543552,0,0,
77.60255056,1,0,
77.60435136,1,1,
77.65255024,0,1,
77.65434768,0,0,
77.70255008,1,0,
77.70434384,1,1,
77.75254976,0,1,
77.75434016,0,0,
77.80254944,1,0,
77.80433632,1,1,
77.85254928,0,1,
77.85433264,0,0,
77.90254896,1,0,
77.9043288,1,1,
77.95254864,0,1,
77.95432512,0,0,
78.00254848,1,0,
78.00432128,1,1,
78.05254816,0,1,
78.0543176,0,0,
78.10254784,1,0,
78.10431392,1,1,
78.15254768,0,1,
78.15431008,0,0,
78.20254736,1,0,
78.2043064,1,1,
78.25254704,0,1,
78.25430256,0,0,
78.30254688,1,0,
78.30429888,1,1,
78.35254656,0,1,
78.35429504,0,0,
78.40254624,1,0,
78.40429136,1,1,
78.45254608,0,1,
78.45428768,0,0,
78.50254576,1,0,
78.50428384,1,1,
78.55254544,0,1,
78.55428,0,0,
78.60254512,1,0,
78.60427632,1,1,
78.65254496,0,1,
78.65427264,0,0,
78.70254464,1,0,
78.7042688,1,1,
78.75254432,0,1,
78.75426512,0,0,
78.80254416,1,0,
78.80426128,1,1,
78.85254384,0,1,
78.8542576,0,0,
78.90254352,1,0,
78.90425376,1,1,
78.95254336,0,1,
78.95425008,0,0,
79.00254304,1,0,
79.00424624,1,1,
79.05254272,0,1,
79.05424256,0,0,
79.10254256,1,0,
79.10423872,1,1,
79.15254224,0,1,
79.15423504,0,0,
79.20254192,1,0,
79.20423136,1,1,
79.25254176,0,1,
79.25422752,0,0,
79.30254144,1,0,
79.30422384,1,1,
79.35254112,0,1,
79.35422,0,0,
79.40254096,1,0,
79.40421632,1,1,
79.45254064,0,1,
79.45421248,0,0,
79.50254032,1,0,
79.5042088,1,1,
79.55254016,0,1,
79.55420496,0,0,
79.60253984,1,0,
79.60420128,1,1,
79.65253952,0,1,
79.6541976,0,0,
79.70253936,1,0,
79.70419376,1,1,
79.75253904,0,1,
79.75419008,0,0,
79.80253872,1,0,
79.80418624,1,1,
79.85253856,0,1,
79.85418256,0,0,
79.90253824,1,0,
79.90417872,1,1,
79.95253792,0,1,
79.95517504,0,0,
80.00253776,1,0,
80.0041712,1,1,
80.05253744,0,1,
80.05516752,0,0,
80.10253712,1,0,
80.10416368,1,1,
80.1525368,0,1,
80.15416,0,0,
80.20253664,1,0,
80.20415616,1,1,
80.25253632,0,1,
80.25415248,0,0,
80.302536,1,0,
80.3041488,1,1,
80.35253584,0,1,
80.35414496,0,0,
80.40253552,1,0,
80.40414128,1,1,
80.4525352,0,1,
80.45413744,0,0,
80.50253504,1,0,
80.50413376,1,1,
80.55253472,0,1,
80.55512992,0,0,
80.6025344,1,0,
80.60412624,1,1,
80.65253424,0,1,
80.6551224,0,0,
80.70253392,1,0,
80.70411872,1,1,
80.7525336,0,1,
80.75511488,0,0,
80.80253344,1,0,
80.8041112,1,1,
80.85253312,0,1,
80.85510736,0,0,
80.9025328,1,0,
80.90410368,1,1,
80.95253264,0,1,
80.95509984,0,0,
81.00253232,1,0,
81.00409616,1,1,
81.052532,0,1,
81.05509232,0,0,
81.10253184,1,0,
81.10408864,1,1,
81.15253152,0,1,
81.15508496,0,0,
81.2025312,1,0,
81.20408112,1,1,
81.25253104,0,1,
81.25507744,0,0,
81.30253072,1,0,
81.30407376,1,1,
81.3525304,0,1,
81.35406992,0,0,
81.40253024,1,0,
81.40406624,1,1,
81.45252992,0,1,
81.4550624,0,0,
81.5025296,1,0,
81.50405872,1,1,
81.55252944,0,1,
81.55505488,0,0,
81.60252912,1,0,
81.6040512,1,1,
81.6525288,0,1,
81.65504736,0,0,
81.70252864,1,0,
81.70404368,1,1,
81.75252832,0,1,
81.75503984,0,0,
81.802528,1,0,
81.80403616,1,1,
81.85252768,0,1,
81.85503232,0,0,
81.90252752,1,0,
81.90402864,1,1,
81.9525272,0,1,
81.9550248,0,0,
82.00252688,1,0,
82.00402112,1,1,
82.05252672,0,1,
82.05501728,0,0,
82.1025264,1,0,
82.1040136,1,1,
82.15252608,0,1,
82.15500976,0,0,
82.20252592,1,0,
82.20400608,1,1,
82.2525256,0,1,
82.2550024,0,0,
82.30252528,1,0,
82.30399856,1,1,
82.35252512,0,1,
82.35499488,0,0,
82.4025248,1,0,
82.4039912,1,1,
82.45252448,0,1,
82.45498736,0,0,
82.50252432,1,0,
82.50398368,1,1,
82.552524,0,1,
82.55497984,0,0,
82.60252368,1,0,
82.60397616,1,1,
82.65252352,0,1,
82.65497232,0,0,
82.7025232,1,0,
82.70396864,1,1,
82.75252288,0,1,
82.7549648,0,0,
82.80252272,1,0,
82.80396112,1,1,
82.8525224,0,1,
82.85495728,0,0,
82.90252208,1,0,
82.9039536,1,1,
82.95252192,0,1,
82.95494976,0,0,
83.0025216,1,0,
83.00394608,1,1,
83.05252128,0,1,
83.05494224,0,0,
83.10252112,1,0,
83.10393856,1,1,
83.1525208,0,1,
83.15493488,0,0,
83.20252048,1,0,
83.20393104,1,1,
83.25252032,0,1,
83.2549272,0,0,
83.30252,1,0,
83.30392352,1,1,
83.35251968,0,1,
83.35491984,0,0,
83.40251952,1,0,
83.404916,1,1,
83.4525192,0,1,
83.45491232,0,0,
83.50251888,1,0,
83.50390864,1,1,
83.55251856,0,1,
83.5549048,0,0,
83.6025184,1,0,
83.60490096,1,1,
83.65251808,0,1,
83.65489728,0,0,
83.70251776,1,0,
83.70489344,1,1,
83.7525176,0,1,
83.75488976,0,0,
83.80251728,1,0,
83.80388608,1,1,
83.85251696,0,1,
83.85488224,0,0,
83.9025168,1,0,
83.90487856,1,1,
83.95251648,0,1,
83.95487472,0,0,
84.00251616,1,0,
84.00487104,1,1,
84.052516,0,1,
84.0548672,0,0,
84.10251568,1,0,
84.10386352,1,1,
84.15251536,0,1,
84.15485968,0,0,
84.2025152,1,0,
84.204856,1,1,
84.25251488,0,1,
84.25485232,0,0,
84.30251456,1,0,
84.30484848,1,1,
84.3525144,0,1,
84.35484464,0,0,
84.40251408,1,0,
84.40484096,1,1,
84.45251376,0,1,
84.45483728,0,0,
84.5025136,1,0,
84.50483344,1,1,
84.55251328,0,1,
84.55482976,0,0,
84.60251296,1,0,
84.60482592,1,1,
84.6525128,0,1,
84.65482224,0,0,
84.70251248,1,0,
84.7048184,1,1,
84.75251216,0,1,
84.75481472,0,0,
84.802512,1,0,
84.80481088,1,1,
84.85251168,0,1,
84.8548072,0,0,
84.90251136,1,0,
84.90480336,1,1,
84.9525112,0,1,
84.95479968,0,0,
85.00251088,1,0,
85.00479584,1,1,
85.05251056,0,1,
85.05479216,0,0,
85.10251024,1,0,
85.10478848,1,1,
85.15251008,0,1,
85.15478464,0,0,
85.20250976,1,0,
85.20478096,1,1,
85.25250944,0,1,
85.25477712,0,0,
85.30250928,1,0,
85.30477344,1,1,
85.35250896,0,1,
85.3547696,0,0,
85.40250864,1,0,
85.40476592,1,1,
85.45250848,0,1,
85.45476208,0,0,
85.50250816,1,0,
85.5047584,1,1,
85.55250784,0,1,
85.55475472,0,0,
85.60250768,1,0,
85.60475088,1,1,
85.65250736,0,1,
85.6547472,0,0,
85.70250704,1,0,
85.70474336,1,1,
85.75250688,0,1,
85.75473968,0,0,
85.80250656,1,0,
85.80473584,1,1,
85.85250624,0,1,
85.85473216,0,0,
85.90250608,1,0,
85.90472832,1,1,
85.95250576,0,1,
85.95472464,0,0,
86.00250544,1,0,
86.0047208,1,1,
86.05250528,0,1,
86.05471712,0,0,
86.10250496,1,0,
86.10471328,1,1,
86.15250464,0,1,
86.1547096,0,0,
86.20250448,1,0,
86.20470592,1,1,
86.25250416,0,1,
86.25470208,0,0,
86.30250384,1,0,
86.3046984,1,1,
86.35250368,0,1,
86.35469456,0,0,
86.40250336,1,0,
86.40469088,1,1,
86.45250304,0,1,
86.45468704,0,0,
86.50250272,1,0,
86.50468336,1,1,
86.55250256,0,1,
86.55467968,0,0,
86.60250224,1,0,
86.60467584,1,1,
86.65250192,0,1,
86.654672,0,0,
86.70250176,1,0,
86.70466832,1,1,
86.75250144,0,1,
86.75466464,0,0,
86.80250112,1,0,
86.8046608,1,1,
86.85250096,0,1,
86.85465712,0,0,
86.90250064,1,0,
86.90465328,1,1,
86.95250032,0,1,
86.9546496,0,0,
87.00250016,1,0,
87.00464576,1,1,
87.05249984,0,1,
87.05464208,0,0,
87.10249952,1,0,
87.10463824,1,1,
87.15249936,0,1,
87.15463456,0,0,
87.20249904,1,0,
87.20463072,1,1,
87.25249872,0,1,
87.25462704,0,0,
87.30249856,1,0,
87.3046232,1,1,
87.35249824,0,1,
87.35461952,0,0,
87.40249792,1,0,
87.40461584,1,1,
87.45249776,0,1,
87.454612,0,0,
87.50249744,1,0,
87.50460832,1,1,
87.55249712,0,1,
87.55460448,0,0,
87.60249696,1,0,
87.6046008,1,1,
87.65249664,0,1,
87.65459696,0,0,
87.70249632,1,0,
87.70459328,1,1,
87.752496,0,1,
87.75458944,0,0,
87.80249584,1,0,
87.80458576,1,1,
87.85249552,0,1,
87.85458208,0,0,
87.9024952,1,0,
87.90457824,1,1,
87.95249504,0,1,
87.95457456,0,0,
88.00249472,1,0,
88.00457072,1,1,
88.0524944,0,1,
88.05456704,0,0,
88.10249424,1,0,
88.1045632,1,1,
88.15249392,0,1,
88.15455952,0,0,
88.2024936,1,0,
88.20455568,1,1,
88.25249344,0,1,
88.254552,0,0,
88.30249312,1,0,
88.30454816,1,1,
88.3524928,0,1,
88.35454448,0,0,
88.40249264,1,0,
88.40454064,1,1,
88.45249232,0,1,
88.45453696,0,0,
88.502492,1,0,
88.50453312,1,1,
88.55249184,0,1,
88.55452944,0,0,
88.60249152,1,0,
88.60452576,1,1,
88.6524912,0,1,
88.65452192,0,0,
88.70249088,1,0,
88.70451824,1,1,
88.75249072,0,1,
88.7545144,0,0,
88.8024904,1,0,
88.80451072,1,1,
88.85249008,0,1,
88.85450688,0,0,
88.90248992,1,0,
88.9045032,1,1,
88.9524896,0,1,
88.95449936,0,0,
89.00248928,1,0,
89.00449568,1,1,
89.05248912,0,1,
89.054492,0,0,
89.1024888,1,0,
89.10448816,1,1,
89.15248848,0,1,
89.15448448,0,0,
89.20248832,1,0,
89.20448064,1,1,
89.252488,0,1,
89.25447696,0,0,
89.30248768,1,0,
89.30447312,1,1,
89.35248752,0,1,
89.35446944,0,0,
89.4024872,1,0,
89.4044656,1,1,
89.45248688,0,1,
89.45446192,0,0,
89.50248672,1,0,
89.50445808,1,1,
89.5524864,0,1,
89.5544544,0,0,
89.60248608,1,0,
89.60445056,1,1,
89.65248592,0,1,
89.65444688,0,0,
89.7024856,1,0,
89.70444304,1,1,
89.75248528,0,1,
89.75443936,0,0,
89.80248512,1,0,
89.80443568,1,1,
89.8524848,0,1,
89.85443184,0,0,
89.90248448,1,0,
89.90442816,1,1,
89.95248416,0,1,
89.95442432,0,0,
90.002484,1,0,
90.00442064,1,1,
90.05248368,0,1,
90.0544168,0,0,
90.10248336,1,0,
90.10441312,1,1,
90.1524832,0,1,
90.15440944,0,0,
90.20248288,1,0,
90.2044056,1,1,
90.25248256,0,1,
90.25440176,0,0,
90.3024824,1,0,
90.30439808,1,1,
90.35248208,0,1,
90.3543944,0,0,
90.40248176,1,0,
90.40439056,1,1,
90.4524816,0,1,
90.45438688,0,0,
90.50248128,1,0,
90.50438304,1,1,
90.55248096,0,1,
90.55437936,0,0,
90.6024808,1,0,
90.60437552,1,1,
90.65248048,0,1,
90.65437184,0,0,
90.70248016,1,0,
90.704368,1,1,
90.75248,0,1,
90.75436432,0,0,
90.80247968,1,0,
90.80436048,1,1,
90.85247936,0,1,
90.8543568,0,0,
90.90247904,1,0,
90.90435296,1,1,
90.95247888,0,1,
90.95434928,0,0,
91.00247856,1,0,
91.0043456,1,1,
91.05247824,0,1,
91.05434176,0,0,
91.10247808,1,0,
91.10433808,1,1,
91.15247776,0,1,
91.15433424,0,0,
91.20247744,1,0,
91.20433056,1,1,
91.25247728,0,1,
91.25432672,0,0,
91.30247696,1,0,
91.30432304,1,1,
91.35247664,0,1,
91.35431936,0,0,
91.40247648,1,0,
91.40431552,1,1,
91.45247616,0,1,
91.45431168,0,0,
91.50247584,1,0,
91.504308,1,1,
91.55247568,0,1,
91.55430432,0,0,
91.60247536,1,0,
91.60430048,1,1,
91.65247504,0,1,
91.6542968,0,0,
91.70247488,1,0,
91.70429296,1,1,
91.75247456,0,1,
91.75428928,0,0,
91.80247424,1,0,
91.80428544,1,1,
91.85247392,0,1,
91.85428176,0,0,
91.90247376,1,0,
91.90427792,1,1,
91.95247344,0,1,
91.95427424,0,0,
92.00247312,1,0,
92.0042704,1,1,
92.05247296,0,1,
92.05426672,0,0,
92.10247264,1,0,
92.10426288,1,1,
92.15247232,0,1,
92.1542592,0,0,
92.20247216,1,0,
92.20425536,1,1,
92.25247184,0,1,
92.25425168,0,0,
92.30247152,1,0,
92.304248,1,1,
92.35247136,0,1,
92.35424416,0,0,
92.40247104,1,0,
92.40424048,1,1,
92.45247072,0,1,
92.45423664,0,0,
92.50247056,1,0,
92.50423296,1,1,
92.55247024,0,1,
92.55422912,0,0,
92.60246992,1,0,
92.60422544,1,1,
92.65246976,0,1,
92.6542216,0,0,
92.70246944,1,0,
92.70421792,1,1,
92.75246912,0,1,
92.75421408,0,0,
92.80246896,1,0,
92.8042104,1,1,
92.85246864,0,1,
92.85420672,0,0,
92.90246832,1,0,
92.90420288,1,1,
92.952468,0,1,
92.9541992,0,0,
93.00246784,1,0,
93.00419536,1,1,
93.05246752,0,1,
93.05419168,0,0,
93.1024672,1,0,
93.10418784,1,1,
93.15246704,0,1,
93.15418416,0,0,
93.20246672,1,0,
93.20418032,1,1,
93.2524664,0,1,
93.25417664,0,0,
93.30246624,1,0,
93.3041728,1,1,
93.35246592,0,1,
93.35416912,0,0,
93.4024656,1,0,
93.40416528,1,1,
93.45246544,0,1,
93.4541616,0,0,
93.50246512,1,0,
93.50415776,1,1,
93.5524648,0,1,
93.55415408,0,0,
93.60246464,1,0,
93.6041504,1,1,
93.65246432,0,1,
93.65414656,0,0,
93.702464,1,0,
93.70414288,1,1,
93.75246384,0,1,
93.75413904,0,0,
93.80246352,1,0,
93.80413536,1,1,
93.8524632,0,1,
93.85413152,0,0,
93.90246288,1,0,
93.90412784,1,1,
93.95246272,0,1,
93.954124,0,0,
94.0024624,1,0,
94.00412032,1,1,
94.05246208,0,1,
94.05411648,0,0,
94.10246192,1,0,
94.1041128,1,1,
94.1524616,0,1,
94.15410912,0,0,
94.20246128,1,0,
94.20410528,1,1,
94.25246112,0,1,
94.2541016,0,0,
94.3024608,1,0,
94.30409776,1,1,
94.35246048,0,1,
94.35409408,0,0,
94.40246032,1,0,
94.40409024,1,1,
94.45246,0,1,
94.45408656,0,0,
94.50245968,1,0,
94.50408272,1,1,
94.55245952,0,1,
94.55407904,0,0,
94.6024592,1,0,
94.6040752,1,1,
94.65245888,0,1,
94.65507136,0,0,
94.70245872,1,0,
94.70406768,1,1,
94.7524584,0,1,
94.754064,0,0,
94.80245808,1,0,
94.80406016,1,1,
94.85245776,0,1,
94.85405648,0,0,
94.9024576,1,0,
94.9040528,1,1,
94.95245728,0,1,
94.95504896,0,0,
95.00245696,1,0,
95.00404528,1,1,
95.0524568,0,1,
95.05404144,0,0,
95.10245648,1,0,
95.10403776,1,1,
95.15245616,0,1,
95.15503392,0,0,
95.202456,1,0,
95.20403024,1,1,
95.25245568,0,1,
95.25402656,0,0,
95.30245536,1,0,
95.30402272,1,1,
95.3524552,0,1,
95.35401888,0,0,
95.40245488,1,0,
95.4040152,1,1,
95.45245456,0,1,
95.45501136,0,0,
95.5024544,1,0,
95.50400768,1,1,
95.55245408,0,1,
95.55500384,0,0,
95.60245376,1,0,
95.60400016,1,1,
95.6524536,0,1,
95.65499632,0,0,
95.70245328,1,0,
95.70399264,1,1,
95.75245296,0,1,
95.7549888,0,0,
95.80245264,1,0,
95.80398512,1,1,
95.85245248,0,1,
95.85498128,0,0,
95.90245216,1,0,
95.9039776,1,1,
95.95245184,0,1,
95.95497392,0,0,
96.00245168,1,0,
96.00397008,1,1,
96.05245136,0,1,
96.0549664,0,0,
96.10245104,1,0,
96.10396256,1,1,
96.15245088,0,1,
96.15495888,0,0,
96.20245056,1,0,
96.2039552,1,1,
96.25245024,0,1,
96.25495136,0,0,
96.30245008,1,0,
96.30394768,1,1,
96.35244976,0,1,
96.35494384,0,0,
96.40244944,1,0,
96.40394016,1,1,
96.45244928,0,1,
96.45493632,0,0,
96.50244896,1,0,
96.50393264,1,1,
96.55244864,0,1,
96.5549288,0,0,
96.60244832,1,0,
96.60392512,1,1,
96.65244816,0,1,
96.65492128,0,0,
96.70244784,1,0,
96.7039176,1,1,
96.75244752,0,1,
96.75491376,0,0,
96.80244736,1,0,
96.80391008,1,1,
96.85244704,0,1,
96.85490624,0,0,
96.90244672,1,0,
96.90390256,1,1,
96.95244656,0,1,
96.95489872,0,0,
97.00244624,1,0,
97.00389504,1,1,
97.05244592,0,1,
97.0548912,0,0,
97.10244576,1,0,
97.10388752,1,1,
97.15244544,0,1,
97.15488368,0,0,
97.20244512,1,0,
97.20388,1,1,
97.25244496,0,1,
97.25487632,0,0,
97.30244464,1,0,
97.30387248,1,1,
97.35244432,0,1,
97.35486864,0,0,
97.40244416,1,0,
97.40386496,1,1,
97.45244384,0,1,
97.45486112,0,0,
97.50244352,1,0,
97.50485744,1,1,
97.5524432,0,1,
97.55485376,0,0,
97.60244304,1,0,
97.60484992,1,1,
97.65244272,0,1,
97.65484624,0,0,
97.7024424,1,0,
97.70384256,1,1,
97.75244224,0,1,
97.75483872,0,0,
97.80244192,1,0,
97.80383504,1,1,
97.8524416,0,1,
97.8548312,0,0,
97.90244144,1,0,
97.90482736,1,1,
97.95244112,0,1,
97.95482368,0,0,
98.0024408,1,0,
98.00382,1,1,
98.05244064,0,1,
98.05481616,0,0,
98.10244032,1,0,
98.10481232,1,1,
98.15244,0,1,
98.15480864,0,0,
98.20243984,1,0,
98.2048048,1,1,
98.25243952,0,1,
98.25480112,0,0,
98.3024392,1,0,
98.30479744,1,1,
98.35243888,0,1,
98.3547936,0,0,
98.40243872,1,0,
98.40378992,1,1,
98.4524384,0,1,
98.45478608,0,0,
98.50243808,1,0,
98.5047824,1,1,
98.55243792,0,1,
98.55477856,0,0,
98.6024376,1,0,
98.60477488,1,1,
98.65243728,0,1,
98.6547712,0,0,
98.70243712,1,0,
98.70476736,1,1,
98.7524368,0,1,
98.75476352,0,0,
98.80243648,1,0,
98.80475984,1,1,
98.85243632,0,1,
98.85475616,0,0,
98.902436,1,0,
98.90475232,1,1,
98.95243568,0,1,
98.95474864,0,0,
99.00243536,1,0,
99.0047448,1,1,
99.0524352,0,1,
99.05474112,0,0,
99.10243488,1,0,
99.10473728,1,1,
99.15243456,0,1,
99.1547336,0,0,
99.2024344,1,0,
99.20472976,1,1,
99.25243408,0,1,
99.25472608,0,0,
99.30243376,1,0,
99.30472224,1,1,
99.3524336,0,1,
99.35471856,0,0,
99.40243328,1,0,
99.40471472,1,1,
99.45243296,0,1,
99.45471104,0,0,
99.5024328,1,0,
99.5047072,1,1,
99.55243248,0,1,
99.55470352,0,0,
99.60243216,1,0,
99.60469968,1,1,
99.652432,0,1,
99.654696,0,0,
99.70243168,1,0,
99.70469232,1,1,
99.75243136,0,1,
99.75468848,0,0,
99.80243104,1,0,
99.8046848,1,1,
99.85243088,0,1,
99.85468096,0,0,
99.90243056,1,0,
99.90467728,1,1,
99.95243024,0,1,
99.95467344,0,0,
100.0024301,1,0,
100.0046698,1,1,
100.0524298,0,1,
100.0546659,0,0,
100.1024294,1,0,
100.1046622,1,1,
100.1524293,0,1,
100.1546586,0,0,
100.202429,1,0,
100.2046547,1,1,
100.2524286,0,1,
100.2546509,0,0,
100.3024285,1,0,
100.3046472,1,1,
100.3524282,0,1,
100.3546435,0,0,
100.4024278,1,0,
100.4046397,1,1,
100.4524275,0,1,
100.454636,0,0,
100.5024274,1,0,
100.5046322,1,1,
100.552427,0,1,
100.5546285,0,0,
100.6024267,1,0,
100.6046246,1,1,
100.6524266,0,1,
100.654621,0,0,
100.7024262,1,0,
100.7046171,1,1,
100.7524259,0,1,
100.7546134,0,0,
100.8024258,1,0,
100.8046096,1,1,
100.8524254,0,1,
100.8546059,0,0,
100.9024251,1,0,
100.9046021,1,1,
100.952425,0,1,
100.9545984,0,0,
101.0024246,1,0,
101.0045946,1,1,
101.0524243,0,1,
101.0545909,0,0,
101.1024242,1,0,
101.104587,1,1,
101.1524238,0,1,
101.1545834,0,0,
101.2024235,1,0,
101.2045797,1,1,
101.2524232,0,1,
101.2545758,0,0,
101.302423,1,0,
101.3045722,1,1,
101.3524227,0,1,
101.3545683,0,0,
101.4024224,1,0,
101.4045646,1,1,
101.4524222,0,1,
101.4545608,0,0,
101.5024219,1,0,
101.5045571,1,1,
101.5524216,0,1,
101.5545534,0,0,
101.6024214,1,0,
101.6045496,1,1,
101.6524211,0,1,
101.6545458,0,0,
101.7024208,1,0,
101.7045421,1,1,
101.7524206,0,1,
101.7545382,0,0,
101.8024203,1,0,
101.8045346,1,1,
101.85242,0,1,
101.8545309,0,0,
101.9024197,1,0,
101.904527,1,1,
101.9524195,0,1,
101.9545234,0,0,
102.0024192,1,0,
102.0045195,1,1,
102.0524189,0,1,
102.0545158,0,0,
102.1024187,1,0,
102.104512,1,1,
102.1524184,0,1,
102.1545083,0,0,
102.2024181,1,0,
102.2045045,1,1,
102.2524179,0,1,
102.2545008,0,0,
102.3024176,1,0,
102.304497,1,1,
102.3524173,0,1,
102.3544933,0,0,
102.4024171,1,0,
102.4044894,1,1,
102.4524168,0,1,
102.4544858,0,0,
102.5024165,1,0,
102.5044819,1,1,
102.5524162,0,1,
102.5544782,0,0,
102.602416,1,0,
102.6044744,1,1,
102.6524157,0,1,
102.6544707,0,0,
102.7024154,1,0,
102.704467,1,1,
102.7524152,0,1,
102.7544632,0,0,
102.8024149,1,0,
102.8044595,1,1,
102.8524146,0,1,
102.8544557,0,0,
102.9024144,1,0,
102.904452,1,1,
102.9524141,0,1,
102.9544482,0,0,
103.0024138,1,0,
103.0044445,1,1,
103.0524136,0,1,
103.0544408,0,0,
103.1024133,1,0,
103.104437,1,1,
103.152413,0,1,
103.1544331,0,0,
103.2024128,1,0,
103.2044294,1,1,
103.2524125,0,1,
103.2544256,0,0,
103.3024122,1,0,
103.3044219,1,1,
103.3524118,0,1,
103.3544182,0,0,
103.4024117,1,0,
103.4044144,1,1,
103.4524114,0,1,
103.4544107,0,0,
103.502411,1,0,
103.5044069,1,1,
103.5524109,0,1,
103.5544032,0,0,
103.6024106,1,0,
103.6043994,1,1,
103.6524102,0,1,
103.6543957,0,0,
103.7024101,1,0,
103.7043918,1,1,
103.7524098,0,1,
103.7543882,0,0,
103.8024094,1,0,
103.8043843,1,1,
103.8524093,0,1,
103.8543806,0,0,
103.902409,1,0,
103.9043768,1,1,
103.9524086,0,1,
103.9543731,0,0,
104.0024083,1,0,
104.0043693,1,1,
104.0524082,0,1,
104.0543656,0,0,
104.1024078,1,0,
104.1043618,1,1,
104.1524075,0,1,
104.1543581,0,0,
104.2024074,1,0,
104.2043544,1,1,
104.252407,0,1,
104.2543506,0,0,
104.3024067,1,0,
104.3043469,1,1,
104.3524066,0,1,
104.354343,0,0,
104.4024062,1,0,
104.4043394,1,1,
104.4524059,0,1,
104.4543355,0,0,
104.5024058,1,0,
104.5043318,1,1,
104.5524054,0,1,
104.5543282,0,0,
104.6024051,1,0,
104.6043243,1,1,
104.6524048,0,1,
104.6543205,0,0,
104.7024046,1,0,
104.7043168,1,1,
104.7524043,0,1,
104.754313,0,0,
104.802404,1,0,
104.8043093,1,1,
104.8524038,0,1,
104.8543056,0,0,
104.9024035,1,0,
104.9043018,1,1,
104.9524032,0,1,
104.9542981,0,0,
105.002403,1,0,
105.0042942,1,1,
105.0524027,0,1,
105.0542906,0,0,
105.1024024,1,0,
105.1042867,1,1,
105.1524022,0,1,
105.154283,0,0,
105.2024019,1,0,
105.2042792,1,1,
105.2524016,0,1,
105.2542755,0,0,
105.3024013,1,0,
105.3042717,1,1,
105.3524011,0,1,
105.354268,0,0,
105.4024008,1,0,
105.4042642,1,1,
105.4524005,0,1,
105.4542605,0,0,
105.5024003,1,0,
105.5042566,1,1,
105.5524,0,1,
105.554253,0,0,
105.6023997,1,0,
105.6042491,1,1,
105.6523995,0,1,
105.6542454,0,0,
105.7023992,1,0,
105.7042418,1,1,
105.7523989,0,1,
105.7542379,0,0,
105.8023987,1,0,
105.8042342,1,1,
105.8523984,0,1,
105.8542304,0,0,
105.9023981,1,0,
105.9042267,1,1,
105.9523979,0,1,
105.9542229,0,0,
106.0023976,1,0,
106.0042192,1,1,
106.0523973,0,1,
106.0542154,0,0,
106.102397,1,0,
106.1042117,1,1,
106.1523968,0,1,
106.154208,0,0,
106.2023965,1,0,
106.2042042,1,1,
106.2523962,0,1,
106.2542003,0,0,
106.302396,1,0,
106.3041966,1,1,
106.3523957,0,1,
106.354193,0,0,
106.4023954,1,0,
106.4041891,1,1,
106.4523952,0,1,
106.4541854,0,0,
106.5023949,1,0,
106.5041816,1,1,
106.5523946,0,1,
106.5541779,0,0,
106.6023944,1,0,
106.6041741,1,1,
106.6523941,0,1,
106.6541704,0,0,
106.7023938,1,0,
106.7041666,1,1,
106.7523934,0,1,
106.7541629,0,0,
106.8023933,1,0,
106.804159,1,1,
106.852393,0,1,
106.8541554,0,0,
106.9023926,1,0,
106.9041515,1,1,
106.9523925,0,1,
106.9541478,0,0,
107.0023922,1,0,
107.004144,1,1,
107.0523918,0,1,
107.0541403,0,0,
107.1023917,1,0,
107.1041365,1,1,
107.1523914,0,1,
107.1541328,0,0,
107.202391,1,0,
107.204129,1,1,
107.2523909,0,1,
107.2541253,0,0,
107.3023906,1,0,
107.3041216,1,1,
107.3138893,1,1,
