Time,Channel0,Channel2,Unit: s
7.421232224,0,1,
7.801876712,1,1,
7.92832772,1,0,
7.928342272,1,1,
7.92837044,1,0,
7.928373672,1,1,
7.928377816,1,0,
7.928385504,1,1,
7.92839964,1,0,
7.928404536,1,1,
7.928404624,1,0,
7.928406224,1,1,
7.928408112,1,0,
7.928814912,1,1,
7.928822792,1,0,
7.928829096,1,1,
7.92883012,1,0,
7.92883616,1,1,
7.928839952,1,0,
7.9288424,1,1,
7.92885932,1,0,
7.928859328,1,1,
7.928859336,1,0,
7.928859344,1,1,
7.928859352,1,0,
7.92885936,1,1,
7.928859376,1,0,
7.928877432,1,1,
7.92887864,1,0,
7.929206408,1,1,
7.92920816,1,0,
7.929212448,1,1,
7.929212544,1,0,
8.082492744,1,1,
8.204545968,0,1,
8.585215456,1,1,
8.759037024,1,0,
8.759043408,1,1,
8.759044736,1,0,
8.759050984,1,1,
8.759080784,1,0,
8.759095656,1,1,
8.759114568,1,0,
8.759128096,1,1,
8.75913724,1,0,
8.759154368,1,1,
8.759160976,1,0,
8.75916444,1,1,
8.759164616,1,0,
8.759174192,1,1,
8.75917484,1,0,
8.75917992,1,1,
8.7591824,1,0,
8.75934556,1,1,
8.759350496,1,0,
8.759365568,1,1,
8.75937236,1,0,
8.75939936,1,1,
8.759400552,1,0,
8.759447448,1,1,
8.759457008,1,0,
8.759465312,1,1,
8.759478176,1,0,
8.759482928,1,1,
8.759483,1,0,
8.759493568,1,1,
8.759495088,1,0,
8.759497872,1,1,
8.75949824,1,0,
8.75950124,1,1,
8.75950164,1,0,
8.759503696,1,1,
8.759507768,1,0,
8.759516536,1,1,
8.759520664,1,0,
8.75952572,1,1,
8.7595524,1,0,
8.75955252,1,1,
8.759565208,1,0,
8.75956688,1,1,
8.759569864,1,0,
8.759892784,1,1,
8.759893648,1,0,
8.759908416,1,1,
8.759917616,1,0,
8.75992008,1,1,
8.759920104,1,0,
8.759923976,1,1,
8.759931912,1,0,
8.759934312,1,1,
8.759939416,1,0,
8.759942128,1,1,
8.759942384,1,0,
8.759949304,1,1,
8.759953472,1,0,
8.895549264,1,1,
8.895567376,1,0,
8.895579792,1,1,
8.895583448,1,0,
8.895593896,1,1,
8.98788996,0,1,
9.368529208,1,1,
9.537139768,1,0,
9.537142872,1,1,
9.537150272,1,0,
9.53715224,1,1,
9.537180144,1,0,
9.53718424,1,1,
9.537211072,1,0,
9.537212576,1,1,
9.537217352,1,0,
9.537222744,1,1,
9.537226664,1,0,
9.537335256,1,1,
9.537339696,1,0,
9.537356992,1,1,
9.53735792,1,0,
9.537375048,1,1,
9.537376784,1,0,
9.53739056,1,1,
9.5374142,1,0,
9.537439368,1,1,
9.537444464,1,0,
9.537495384,1,1,
9.537505872,1,0,
9.53750984,1,1,
9.537512656,1,0,
9.699038368,1,1,
9.75462372,0,1,
10.15184398,1,1,
10.32045475,1,0,
10.32045796,1,1,
10.32045838,1,0,
10.32046017,1,1,
10.32046203,1,0,
10.32046382,1,1,
10.32046403,1,0,
10.32046766,1,1,
10.32049762,1,0,
10.32050231,1,1,
10.32050351,1,0,
10.32051279,1,1,
10.32052626,1,0,
10.32053276,1,1,
10.3205349,1,0,
10.3205421,1,1,
10.3205426,1,0,
10.32056454,1,1,
10.32056473,1,0,
10.320582,1,1,
10.32058273,1,0,
10.3205895,1,1,
10.32060158,1,0,
10.32060635,1,1,
10.32061385,1,0,
10.32061786,1,1,
10.32062773,1,0,
10.32063026,1,1,
10.32063305,1,0,
10.320635,1,1,
10.32063718,1,0,
10.32063966,1,1,
10.32078099,1,0,
10.32079842,1,1,
10.32081735,1,0,
10.32083358,1,1,
10.3208409,1,0,
10.32088135,1,1,
10.32088537,1,0,
10.32090153,1,1,
10.32090585,1,0,
10.3209146,1,1,
10.32094377,1,0,
10.32117553,1,1,
10.32118232,1,0,
10.3211917,1,1,
10.32119262,1,0,
10.32119531,1,1,
10.3212025,1,0,
10.32120782,1,1,
10.32120811,1,0,
10.32122818,1,1,
10.32123038,1,0,
10.47114547,1,1,
10.47115482,1,0,
10.47115986,1,1,
10.47116148,1,0,
10.47116879,1,1,
10.5045316,0,1,
10.86850766,1,1,
11.05837098,1,0,
11.05838574,1,1,
11.05841643,1,0,
11.05841894,1,1,
11.05841959,1,0,
11.05842519,1,1,
11.05842562,1,0,
11.0584292,1,1,
11.05844458,1,0,
11.05844771,1,1,
11.05845185,1,0,
11.05845802,1,1,
11.05847199,1,0,
11.05847413,1,1,
11.05849273,1,0,
11.05849608,1,1,
11.05849799,1,0,
11.05850598,1,1,
11.05850734,1,0,
11.05851717,1,1,
11.05851853,1,0,
11.05852806,1,1,
11.05853291,1,0,
11.05853542,1,1,
11.05853658,1,0,
11.05854577,1,1,
11.05854915,1,0,
11.05866912,1,1,
11.05866928,1,0,
11.20649278,1,1,
11.23790111,0,1,
11.60182214,1,1,
11.7789259,1,0,
11.77893001,1,1,
11.7789384,1,0,
11.7789399,1,1,
11.77896598,1,0,
11.77897013,1,1,
11.7789941,1,0,
11.77899793,1,1,
11.77899954,1,0,
11.77916793,1,1,
11.77917338,1,0,
11.77917474,1,1,
11.77917835,1,0,
11.77917978,1,1,
11.77918086,1,0,
11.77918688,1,1,
11.7791884,1,0,
11.77918985,1,1,
11.77919086,1,0,
11.77920758,1,1,
11.77920771,1,0,
11.7792119,1,1,
11.77921428,1,0,
11.77922576,1,1,
11.77922874,1,0,
11.77924374,1,1,
11.77924417,1,0,
11.77924898,1,1,
11.7792503,1,0,
11.77926402,1,1,
11.77926647,1,0,
11.93334399,1,1,
11.93334874,1,0,
11.93364614,1,1,
11.9336646,1,0,
11.93367095,1,1,
11.93367201,1,0,
11.93367601,1,1,
11.95456702,0,1,
12.31848683,1,1,
12.52444824,1,0,
12.52445078,1,1,
12.5244539,1,0,
12.52445729,1,1,
12.52445838,1,0,
12.52446002,1,1,
12.52449009,1,0,
12.52449382,1,1,
12.52449383,1,0,
12.52450471,1,1,
12.52452126,1,0,
12.52452567,1,1,
12.52452941,1,0,
12.52453603,1,1,
12.52454158,1,0,
12.52455682,1,1,
12.52455793,1,0,
12.52456914,1,1,
12.52456941,1,0,
12.52458772,1,1,
12.52459582,1,0,
12.52459872,1,1,
12.52459926,1,0,
12.52460489,1,1,
12.52461542,1,0,
12.52462201,1,1,
12.52462237,1,0,
12.52463323,1,1,
12.524634,1,0,
12.5246477,1,1,
12.52465778,1,0,
12.52471562,1,1,
12.52472984,1,0,
12.52474628,1,1,
12.52474747,1,0,
12.52475098,1,1,
12.5247863,1,0,
12.52479174,1,1,
12.52479566,1,0,
12.52480214,1,1,
12.52483038,1,0,
12.52484296,1,1,
12.52485444,1,0,
12.52485962,1,1,
12.5248652,1,0,
12.52487314,1,1,
12.52487666,1,0,
12.52487938,1,1,
12.5248827,1,0,
12.52489153,1,1,
12.52489243,1,0,
12.66628401,1,1,
12.68784754,0,1,
13.05180127,1,1,
13.21080973,1,0,
13.2108151,1,1,
13.21082088,1,0,
13.21082395,1,1,
13.21086623,1,0,
13.21086959,1,1,
13.2108762,1,0,
13.21088009,1,1,
13.2109029,1,0,
13.21090654,1,1,
13.21090811,1,0,
13.21091274,1,1,
13.21091366,1,0,
13.21091695,1,1,
13.21092334,1,0,
13.21093033,1,1,
13.2109305,1,0,
13.21093605,1,1,
13.21093674,1,0,
13.21094061,1,1,
13.21094312,1,0,
13.21094642,1,1,
13.21094915,1,0,
13.21096644,1,1,
13.21097354,1,0,
13.21098066,1,1,
13.21098455,1,0,
13.2110411,1,1,
13.21104559,1,0,
13.21104778,1,1,
13.21105002,1,0,
13.2111649,1,1,
13.21123732,1,0,
13.21124844,1,1,
13.21124875,1,0,
13.2112563,1,1,
13.21126853,1,0,
13.21127294,1,1,
13.21133914,1,0,
13.21134121,1,1,
13.21134206,1,0,
13.21141502,1,1,
13.21141654,1,0,
13.21144126,1,1,
13.21147187,1,0,
13.21154154,1,1,
13.21155861,1,0,
13.21166575,1,1,
13.21168154,1,0,
13.21168178,1,1,
13.21171154,1,0,
13.21171874,1,1,
13.21171892,1,0,
13.21172595,1,1,
13.21172637,1,0,
13.21172819,1,1,
13.21173514,1,0,
13.21173922,1,1,
13.21174181,1,0,
13.21174752,1,1,
13.21175602,1,0,
13.21176176,1,1,
13.21176197,1,0,
13.21176205,1,1,
13.21176264,1,0,
13.21176678,1,1,
13.21176878,1,0,
13.21179787,1,1,
13.21180803,1,0,
13.36266709,1,1,
13.36268082,1,0,
13.36301215,1,1,
14.05456483,0,1,
14.55178066,1,1,
14.8001983,1,0,
14.80020022,1,1,
14.80024227,1,0,
14.80024538,1,1,
14.8002471,1,0,
14.80025005,1,1,
14.80025214,1,0,
14.80025597,1,1,
14.80027032,1,0,
14.80027471,1,1,
14.80027931,1,0,
14.80028495,1,1,
14.80029376,1,0,
14.80030766,1,1,
14.80030899,1,0,
14.80031794,1,1,
14.80031914,1,0,
14.80032529,1,1,
14.80032854,1,0,
14.80033515,1,1,
14.80034538,1,0,
14.80035033,1,1,
14.80035912,1,0,
14.80036166,1,1,
14.80036425,1,0,
14.80036695,1,1,
14.80036819,1,0,
14.80037215,1,1,
14.80052826,1,0,
14.80054269,1,1,
14.80056938,1,0,
14.8005743,1,1,
14.80057942,1,0,
14.80058357,1,1,
14.80060855,1,0,
14.80062334,1,1,
14.80063502,1,0,
14.80064413,1,1,
14.80064602,1,0,
14.80064913,1,1,
14.8008198,1,0,
14.80086054,1,1,
14.80086081,1,0,
14.80088127,1,1,
14.80095358,1,0,
14.80100283,1,1,
14.80100421,1,0,
14.80100977,1,1,
14.80101156,1,0,
14.80102502,1,1,
14.80103055,1,0,
14.94169138,1,1,
14.94169302,1,0,
14.94169815,1,1,
15.07116806,0,1,
15.56846502,1,1,
15.78437065,1,0,
15.78437404,1,1,
15.78437511,1,0,
15.78438087,1,1,
15.78438705,1,0,
15.78440331,1,1,
15.78440594,1,0,
15.78442213,1,1,
15.78442216,1,0,
15.78466278,1,1,
15.78466338,1,0,
15.78466688,1,1,
15.78467896,1,0,
15.7846823,1,1,
15.78468258,1,0,
15.78469,1,1,
15.78470186,1,0,
15.78470514,1,1,
15.78471547,1,0,
15.78499775,1,1,
15.78499817,1,0,
15.93715616,1,1,
15.93715664,1,0,
15.93716174,1,1,
15.93716196,1,0,
15.93757262,1,1,
16.07117105,0,1,
16.53507709,1,1,
16.75575594,1,0,
16.75575997,1,1,
16.75588586,1,0,
16.7558899,1,1,
16.75589693,1,0,
16.75590005,1,1,
16.75590926,1,0,
16.75591131,1,1,
16.75591406,1,0,
16.75592115,1,1,
16.75592354,1,0,
16.75605595,1,1,
16.7560563,1,0,
16.75605966,1,1,
16.75616266,1,0,
16.75616709,1,1,
16.75616838,1,0,
16.7561707,1,1,
16.75617588,1,0,
16.75618125,1,1,
16.75618189,1,0,
16.75619783,1,1,
16.75623994,1,0,
16.7562453,1,1,
16.75625375,1,0,
16.75625961,1,1,
16.7563117,1,0,
16.75632809,1,1,
16.75633231,1,0,
16.75635714,1,1,
16.75635766,1,0,
16.90619324,1,1,
17.00443469,0,1,
17.45173787,1,1,
17.65467702,1,0,
17.65467986,1,1,
17.65468027,1,0,
17.65468772,1,1,
17.65534088,1,0,
17.65534777,1,1,
17.65538547,1,0,
17.65544664,1,1,
17.65544716,1,0,
17.65544907,1,1,
17.65545347,1,0,
17.65547135,1,1,
17.65547156,1,0,
17.65547162,1,1,
17.65547662,1,0,
17.65556235,1,1,
17.65556506,1,0,
17.65556737,1,1,
17.65557143,1,0,
17.65557869,1,1,
17.65557878,1,0,
17.81701643,1,1,
17.92113114,0,1,
18.36844968,1,1,
18.53601637,1,0,
18.5360199,1,1,
18.53602032,1,0,
18.53602657,1,1,
18.53604326,1,0,
18.53604614,1,1,
18.5360469,1,0,
18.53605662,1,1,
18.53625827,1,0,
18.53626172,1,1,
18.53626601,1,0,
18.53626602,1,1,
18.53626602,1,0,
18.53626613,1,1,
18.5362662,1,0,
18.53627161,1,1,
18.53630805,1,0,
18.53632283,1,1,
18.53635041,1,0,
18.53636264,1,1,
18.53649786,1,0,
18.53651266,1,1,
18.53652561,1,0,
18.53653064,1,1,
18.53671961,1,0,
18.53679331,1,1,
18.53679567,1,0,
18.6954164,1,1,
18.83782801,0,1,
19.28508643,1,1,
19.44432319,1,0,
19.44432906,1,1,
19.44434926,1,0,
19.44434986,1,1,
19.44459104,1,0,
19.44459556,1,1,
19.44460224,1,0,
19.4446063,1,1,
19.4446151,1,0,
19.44462673,1,1,
19.44462884,1,0,
19.44462885,1,1,
19.44464071,1,0,
19.44464915,1,1,
19.44469483,1,0,
19.44489962,1,1,
19.44490492,1,0,
19.44494146,1,1,
19.44501818,1,0,
19.44502236,1,1,
19.44505518,1,0,
19.44506322,1,1,
19.44506407,1,0,
19.59731995,1,1,
19.72111404,0,1,
20.13504839,1,1,
20.32935324,1,0,
20.32935606,1,1,
20.32936028,1,0,
20.32936286,1,1,
20.32936424,1,0,
20.32936681,1,1,
20.32938152,1,0,
20.32938434,1,1,
20.32938458,1,0,
20.32938997,1,1,
20.32939034,1,0,
20.32939036,1,1,
20.32939118,1,0,
20.3293941,1,1,
20.32941813,1,0,
20.32942286,1,1,
20.32942373,1,0,
20.32942374,1,1,
20.32945657,1,0,
20.32946107,1,1,
20.32946455,1,0,
20.32946622,1,1,
20.32947294,1,0,
20.32947478,1,1,
20.3294757,1,0,
20.32948219,1,1,
20.3294878,1,0,
20.32948985,1,1,
20.32949413,1,0,
20.32950717,1,1,
20.32951157,1,0,
20.32954706,1,1,
20.3295526,1,0,
20.32955648,1,1,
20.32955894,1,0,
20.32956223,1,1,
20.3295639,1,0,
20.32957652,1,1,
20.3295806,1,0,
20.32959685,1,1,
20.32959897,1,0,
20.32960769,1,1,
20.32960776,1,0,
20.32961398,1,1,
20.32961899,1,0,
20.32966794,1,1,
20.3298021,1,0,
20.32981626,1,1,
20.32983114,1,0,
20.32983769,1,1,
20.32984174,1,0,
20.32984578,1,1,
20.32988007,1,0,
20.47823259,1,1,
20.55446738,0,1,
20.98508689,1,1,
21.17480925,1,0,
21.17482328,1,1,
21.17488662,1,0,
21.17488866,1,1,
21.17489294,1,0,
21.17489595,1,1,
21.1748977,1,0,
21.1748999,1,1,
21.17492322,1,0,
21.17492526,1,1,
21.17496904,1,0,
21.17500909,1,1,
21.17501044,1,0,
21.17501986,1,1,
21.1750207,1,0,
21.17502838,1,1,
21.17502841,1,0,
21.17503645,1,1,
21.17505063,1,0,
21.17505311,1,1,
21.17505553,1,0,
21.17505696,1,1,
21.17505971,1,0,
21.17506496,1,1,
21.17506526,1,0,
21.17516502,1,1,
21.17552403,1,0,
21.17552729,1,1,
21.17552958,1,0,
21.17553351,1,1,
21.17563291,1,0,
21.17563825,1,1,
21.1756389,1,0,
21.17570048,1,1,
21.17570076,1,0,
21.17577058,1,1,
21.17577191,1,0,
21.32230762,1,1,
21.32232999,1,0,
21.32233092,1,1,
21.32233492,1,0,
21.32270881,1,1,
21.40440568,0,1,
21.81837114,1,1,
21.96398473,1,0,
21.96398749,1,1,
21.96399146,1,0,
21.96399453,1,1,
21.96402116,1,0,
21.96402719,1,1,
21.9640278,1,0,
21.96403026,1,1,
21.96404889,1,0,
21.96405582,1,1,
21.96427926,1,0,
21.96428533,1,1,
21.96428827,1,0,
21.96429313,1,1,
21.96452958,1,0,
21.96453192,1,1,
21.96459655,1,0,
21.96461122,1,1,
21.96461989,1,0,
21.96462011,1,1,
21.9647503,1,0,
21.96475374,1,1,
21.9647542,1,0,
21.96475643,1,1,
21.96475837,1,0,
21.96476719,1,1,
21.96477312,1,0,
21.96477724,1,1,
21.96479486,1,0,
22.11664037,1,1,
22.11664482,1,0,
22.11664691,1,1,
22.11664785,1,0,
22.11665632,1,1,
22.1166573,1,0,
22.11705481,1,1,
22.25446861,0,1,
22.6683876,1,1,
22.7783043,1,0,
22.77830741,1,1,
22.77830833,1,0,
22.77831138,1,1,
22.77831358,1,0,
22.77831863,1,1,
22.77834968,1,0,
22.77835222,1,1,
22.77835244,1,0,
22.7783583,1,1,
22.77835833,1,0,
22.77836279,1,1,
22.77837893,1,0,
22.77839563,1,1,
22.7784047,1,0,
22.77842179,1,1,
22.77843291,1,0,
22.77844011,1,1,
22.77845669,1,0,
22.77846525,1,1,
22.77846595,1,0,
22.77847654,1,1,
22.77847997,1,0,
22.77848026,1,1,
22.77848116,1,0,
22.77848562,1,1,
22.77863529,1,0,
22.77865093,1,1,
22.77871741,1,0,
22.77872647,1,1,
22.77888409,1,0,
22.77888724,1,1,
22.77889316,1,0,
22.77889802,1,1,
22.7789206,1,0,
22.77895768,1,1,
22.77912161,1,0,
22.77915055,1,1,
22.77915137,1,0,
22.94390538,1,1,
23.05445706,0,1,
23.45169304,1,1,
23.59672338,1,0,
23.59672516,1,1,
23.59675109,1,0,
23.59675426,1,1,
23.5967611,1,0,
23.59676529,1,1,
23.59677294,1,0,
23.5967771,1,1,
23.5967845,1,0,
23.59678739,1,1,
23.59683616,1,0,
23.59683638,1,1,
23.596985,1,0,
23.5969986,1,1,
23.59701858,1,0,
23.59702881,1,1,
23.59704576,1,0,
23.59705367,1,1,
23.59705638,1,0,
23.59706314,1,1,
23.59738129,1,0,
23.59738542,1,1,
23.5973955,1,0,
23.5974269,1,1,
23.59745282,1,0,
23.59745859,1,1,
23.59745941,1,0,
23.59748694,1,1,
23.59748722,1,0,
23.76580986,1,1,
23.76581149,1,0,
23.76581607,1,1,
23.83776872,0,1,
24.21831519,1,1,
24.35878736,1,0,
24.35879266,1,1,
24.3587942,1,0,
24.35879621,1,1,
24.35879902,1,0,
24.35880217,1,1,
24.35882905,1,0,
24.35883458,1,1,
24.35883866,1,0,
24.35884425,1,1,
24.35886698,1,0,
24.35887146,1,1,
24.35888848,1,0,
24.35889825,1,1,
24.35889925,1,0,
24.358903,1,1,
24.3589037,1,0,
24.35890898,1,1,
24.35891963,1,0,
24.35892172,1,1,
24.35893017,1,0,
24.35895054,1,1,
24.35895339,1,0,
24.3589597,1,1,
24.35896286,1,0,
24.3589802,1,1,
24.35904542,1,0,
24.35904543,1,1,
24.3591405,1,0,
24.35914513,1,1,
24.35917433,1,0,
24.35917834,1,1,
24.35923551,1,0,
24.35925745,1,1,
24.35925882,1,0,
24.35926429,1,1,
24.35926434,1,0,
24.35937267,1,1,
24.35937798,1,0,
24.35938358,1,1,
24.3593839,1,0,
24.3593895,1,1,
24.35945582,1,0,
24.35946346,1,1,
24.35946359,1,0,
24.35946636,1,1,
24.3594785,1,0,
24.35949642,1,1,
24.35950184,1,0,
24.35951613,1,1,
24.35951797,1,0,
24.35952834,1,1,
24.35952927,1,0,
24.50738622,1,1,
24.50738645,1,0,
24.5073887,1,1,
24.62102742,0,1,
25.00170389,1,1,
25.18076716,1,0,
25.18077024,1,1,
25.18077773,1,0,
25.18077966,1,1,
25.18081882,1,0,
25.18082474,1,1,
25.18082681,1,0,
25.18082701,1,1,
25.18082794,1,0,
25.18083246,1,1,
25.18084226,1,0,
25.18084566,1,1,
25.18084894,1,0,
25.18085769,1,1,
25.18086664,1,0,
25.18087678,1,1,
25.18087812,1,0,
25.18088448,1,1,
25.18091031,1,0,
25.18092067,1,1,
25.1809231,1,0,
25.18092586,1,1,
25.18092774,1,0,
25.18106786,1,1,
25.18106795,1,0,
25.18111554,1,1,
25.1811163,1,0,
25.1811257,1,1,
25.18112618,1,0,
25.18113277,1,1,
25.18126464,1,0,
25.18126907,1,1,
25.18127004,1,0,
25.18127005,1,1,
25.18127007,1,0,
25.18128684,1,1,
25.18128762,1,0,
25.18129206,1,1,
25.18130738,1,0,
25.18165037,1,1,
25.18165042,1,0,
25.18165348,1,1,
25.18165514,1,0,
25.18165753,1,1,
25.18167218,1,0,
25.32777646,1,1,
25.32778826,1,0,
25.32811758,1,1,
25.40433674,0,1,
25.78501755,1,1,
25.96913708,1,0,
25.96914005,1,1,
25.9691401,1,0,
25.9691415,1,1,
25.96914684,1,0,
25.96914951,1,1,
25.96918174,1,0,
25.96919523,1,1,
25.96921054,1,0,
25.96921534,1,1,
25.96922182,1,0,
25.96922443,1,1,
25.96923382,1,0,
25.96923926,1,1,
25.96924038,1,0,
25.96924622,1,1,
25.96924839,1,0,
25.9692722,1,1,
25.9692865,1,0,
25.96928863,1,1,
25.96936505,1,0,
25.96936716,1,1,
25.96940836,1,0,
25.96941267,1,1,
25.96943758,1,0,
25.96958379,1,1,
25.96958537,1,0,
25.96958848,1,1,
25.96961289,1,0,
25.96961449,1,1,
25.96961582,1,0,
25.9696165,1,1,
25.96966553,1,0,
25.9696809,1,1,
25.9696929,1,0,
25.96985947,1,1,
25.9698595,1,0,
25.96985951,1,1,
25.96985994,1,0,
25.96996225,1,1,
25.96996258,1,0,
26.11444466,1,1,
26.15438725,0,1,
26.51833125,1,1,
26.74805787,1,0,
26.74806232,1,1,
26.74807996,1,0,
26.74808194,1,1,
26.74809891,1,0,
26.74810382,1,1,
26.74830538,1,0,
26.74840882,1,1,
26.7485362,1,0,
26.7485388,1,1,
26.74854256,1,0,
26.74864193,1,1,
26.74864387,1,0,
26.74865014,1,1,
26.74865045,1,0,
26.74865507,1,1,
26.74879183,1,0,
26.87107524,0,0,
26.89553408,0,1,
27.23494657,1,1,
27.42792941,1,0,
27.42792942,1,1,
27.42792942,1,0,
27.42792951,1,1,
27.42793318,1,0,
27.42793894,1,1,
27.4279415,1,0,
27.42794632,1,1,
27.42794901,1,0,
27.42795718,1,1,
27.42795902,1,0,
27.42796293,1,1,
27.42798217,1,0,
27.42798886,1,1,
27.42798993,1,0,
27.42799817,1,1,
27.42815159,1,0,
27.42815475,1,1,
27.42815806,1,0,
27.42816598,1,1,
27.42819181,1,0,
27.42819296,1,1,
27.42819388,1,0,
27.42819389,1,1,
27.42819445,1,0,
27.42819753,1,1,
27.42820038,1,0,
27.42821142,1,1,
27.42841838,1,0,
27.42842886,1,1,
27.42842901,1,0,
27.42842906,1,1,
27.42843058,1,0,
27.42843288,1,1,
27.42845772,1,0,
27.42845823,1,1,
27.42846066,1,0,
27.42847188,1,1,
27.42848342,1,0,
27.42849037,1,1,
27.42849937,1,0,
27.42849978,1,1,
27.42850569,1,0,
27.42850868,1,1,
27.42853268,1,0,
27.42853507,1,1,
27.42854174,1,0,
27.42855919,1,1,
27.42856204,1,0,
27.42856542,1,1,
27.42857002,1,0,
27.42857296,1,1,
27.42858823,1,0,
27.42859044,1,1,
27.42859082,1,0,
27.42859313,1,1,
27.4286021,1,0,
27.42860489,1,1,
27.42868321,1,0,
27.60431134,0,0,
27.6063028,0,1,
27.60630294,0,0,
27.60630311,0,1,
27.96831096,1,1,
28.14776897,1,0,
28.14777578,1,1,
28.14778687,1,0,
28.14779218,1,1,
28.14779683,1,0,
28.14780297,1,1,
28.14780672,1,0,
28.14782378,1,1,
28.14782687,1,0,
28.1479505,1,1,
28.14795401,1,0,
28.14803414,1,1,
28.14803559,1,0,
28.14805011,1,1,
28.14805097,1,0,
28.14806009,1,1,
28.14806094,1,0,
28.1480634,1,1,
28.14806537,1,0,
28.1480928,1,1,
28.14810346,1,0,
28.14811517,1,1,
28.1481185,1,0,
28.14812462,1,1,
28.14818101,1,0,
28.14818294,1,1,
28.14818432,1,0,
28.30582684,1,1,
28.30584772,1,0,
28.30611351,1,1,
28.30612364,1,0,
28.30612478,1,1,
28.32099911,0,1,
28.68500059,1,1,
28.85292,1,0,
28.85304055,1,1,
28.8532556,1,0,
28.85326299,1,1,
28.85326509,1,0,
28.85328786,1,1,
28.85328878,1,0,
28.85332374,1,1,
28.85336142,1,0,
28.85339376,1,1,
28.853394,1,0,
28.85342534,1,1,
28.85345663,1,0,
28.85346334,1,1,
28.85347205,1,0,
28.85355487,1,1,
28.85356555,1,0,
28.85356751,1,1,
28.85357094,1,0,
28.85357454,1,1,
28.85357464,1,0,
29.00782123,1,1,
29.70428588,0,1,
30.20162866,1,1,
30.44889502,1,0,
30.44889771,1,1,
30.4488995,1,0,
30.44890407,1,1,
30.44890434,1,0,
30.44908616,1,1,
30.44915266,1,0,
30.44916405,1,1,
30.44916551,1,0,
30.44916933,1,1,
30.44916955,1,0,
30.44917125,1,1,
30.4491721,1,0,
30.44917442,1,1,
30.4491745,1,0,
30.44917454,1,1,
30.44917454,1,0,
30.44918027,1,1,
30.44919119,1,0,
30.44919382,1,1,
30.4492025,1,0,
30.44920451,1,1,
30.44920855,1,0,
30.44921074,1,1,
30.44921089,1,0,
30.44923098,1,1,
30.4492321,1,0,
30.44924808,1,1,
30.44925229,1,0,
30.44929497,1,1,
30.44929738,1,0,
30.44930915,1,1,
30.44932728,1,0,
30.44932981,1,1,
30.44933078,1,0,
30.44933346,1,1,
30.44933466,1,0,
30.60272798,1,1,
30.70427154,0,1,
31.20163269,1,1,
31.46096014,1,0,
31.46096694,1,1,
31.46096992,1,0,
31.46097457,1,1,
31.46101317,1,0,
31.46101806,1,1,
31.46103563,1,0,
31.46103879,1,1,
31.46104216,1,0,
31.46104559,1,1,
31.4610797,1,0,
31.4610827,1,1,
31.46108336,1,0,
31.46108861,1,1,
31.46108872,1,0,
31.46109041,1,1,
31.46109419,1,0,
31.46128048,1,1,
31.4612809,1,0,
31.46128098,1,1,
31.46128326,1,0,
31.46130129,1,1,
31.46130224,1,0,
31.46130574,1,1,
31.46146918,1,0,
31.46148243,1,1,
31.4615075,1,0,
31.46159446,1,1,
31.46160051,1,0,
31.4616109,1,1,
31.4616129,1,0,
31.4618187,1,1,
31.46182501,1,0,
31.46182754,1,1,
31.4618282,1,0,
31.4618331,1,1,
31.46183869,1,0,
31.46184382,1,1,
31.4618439,1,0,
31.46185038,1,1,
31.46185173,1,0,
31.4618565,1,1,
31.46185701,1,0,
31.61634079,1,1,
31.61634471,1,0,
31.61684197,1,1,
31.72095681,0,1,
32.16827517,1,1,
32.35693353,1,0,
32.35693444,1,1,
32.35693532,1,0,
32.35693869,1,1,
32.35694063,1,0,
32.35694334,1,1,
32.35694702,1,0,
32.35694911,1,1,
32.35695489,1,0,
32.35696846,1,1,
32.35697715,1,0,
32.35699491,1,1,
32.3569978,1,0,
32.35700438,1,1,
32.35706771,1,0,
32.35707171,1,1,
32.35709104,1,0,
32.35757716,1,1,
32.35757766,1,0,
32.35759115,1,1,
32.35760069,1,0,
32.50783709,1,1,
32.63763752,0,1,
33.08493688,1,1,
33.27046505,1,0,
33.27047027,1,1,
33.27047451,1,0,
33.27047772,1,1,
33.27051702,1,0,
33.27052254,1,1,
33.27052421,1,0,
33.2705318,1,1,
33.2705326,1,0,
33.27053618,1,1,
33.27053818,1,0,
33.27054314,1,1,
33.27054817,1,0,
33.2705519,1,1,
33.27055215,1,0,
33.27055555,1,1,
33.2705648,1,0,
33.27056874,1,1,
33.27059223,1,0,
33.27059478,1,1,
33.27061994,1,0,
33.27062206,1,1,
33.27063434,1,0,
33.27063987,1,1,
33.27064514,1,0,
33.27064979,1,1,
33.2706506,1,0,
33.27070913,1,1,
33.27078046,1,0,
33.27079889,1,1,
33.2708041,1,0,
33.27081258,1,1,
33.27081566,1,0,
33.27081898,1,1,
33.27086351,1,0,
33.27087302,1,1,
33.27090485,1,0,
33.2709107,1,1,
33.27091149,1,0,
33.2709134,1,1,
33.27093605,1,0,
33.27093874,1,1,
33.27094273,1,0,
33.27147502,1,1,
33.27147508,1,0,
33.42763822,1,1,
33.42763852,1,0,
33.42764137,1,1,
33.42764302,1,0,
33.42764504,1,1,
33.42764738,1,0,
33.42766408,1,1,
33.42767163,1,0,
33.42770466,1,1,
33.42770528,1,0,
33.42806165,1,1,
33.55435511,0,1,
34.01822338,1,1,
34.22217885,1,0,
34.22218071,1,1,
34.22219131,1,0,
34.22220083,1,1,
34.22222331,1,0,
34.22222511,1,1,
34.22223303,1,0,
34.22223618,1,1,
34.22223782,1,0,
34.22224156,1,1,
34.22224495,1,0,
34.22224746,1,1,
34.2222501,1,0,
34.22226706,1,1,
34.2222717,1,0,
34.22253565,1,1,
34.22254161,1,0,
34.37962586,1,1,
34.37962675,1,0,
34.37963294,1,1,
34.37963338,1,0,
34.37963441,1,1,
34.37963445,1,0,
34.38000537,1,1,
34.47098676,0,1,
34.93486111,1,1,
35.13737578,1,0,
35.13737971,1,1,
35.13738552,1,0,
35.13738926,1,1,
35.13742291,1,0,
35.13742408,1,1,
35.13742688,1,0,
35.13742751,1,1,
35.13742913,1,0,
35.13743333,1,1,
35.13745134,1,0,
35.13746658,1,1,
35.13750205,1,0,
35.13750452,1,1,
35.13752587,1,0,
35.13764186,1,1,
35.13765465,1,0,
35.13766172,1,1,
35.13768923,1,0,
35.13769938,1,1,
35.13769943,1,0,
35.13772946,1,1,
35.13773054,1,0,
35.13773316,1,1,
35.13773474,1,0,
35.13773648,1,1,
35.13780366,1,0,
35.13781237,1,1,
35.13782167,1,0,
35.13783419,1,1,
35.13785419,1,0,
35.13825666,1,1,
35.13825695,1,0,
35.13825958,1,1,
35.13826402,1,0,
35.13826645,1,1,
35.13827745,1,0,
35.28653987,1,1,
35.35429484,0,1,
35.76822322,1,1,
35.99941502,1,0,
35.99942869,1,1,
35.99943354,1,0,
35.9994384,1,1,
35.99944357,1,0,
35.9994489,1,1,
35.99947204,1,0,
35.99947579,1,1,
35.99949996,1,0,
35.99950466,1,1,
35.99950784,1,0,
35.99951349,1,1,
35.99952178,1,0,
36.14922761,1,1,
36.1492308,1,0,
36.14925749,1,1,
36.20422542,0,1,
36.6182107,1,1,
36.82362862,1,0,
36.82363038,1,1,
36.82367728,1,0,
36.82368094,1,1,
36.82370506,1,0,
36.82370677,1,1,
36.82371307,1,0,
36.8237149,1,1,
36.82372767,1,0,
36.82373069,1,1,
36.82379409,1,0,
36.82379694,1,1,
36.82380119,1,0,
36.82390766,1,1,
36.82393353,1,0,
36.82393766,1,1,
36.82393982,1,0,
36.82396328,1,1,
36.82396335,1,0,
36.82398247,1,1,
36.82398263,1,0,
36.82398571,1,1,
36.82398874,1,0,
36.82398947,1,1,
36.82399395,1,0,
36.82399958,1,1,
36.82408454,1,0,
36.82410411,1,1,
36.82410568,1,0,
36.82410967,1,1,
36.82411145,1,0,
36.82411146,1,1,
36.82411146,1,0,
36.82411147,1,1,
36.8241116,1,0,
36.82414176,1,1,
36.8241623,1,0,
36.82434475,1,1,
36.82434491,1,0,
36.82450738,1,1,
36.82452573,1,0,
36.82452782,1,1,
36.82452858,1,0,
36.82453394,1,1,
36.8245343,1,0,
36.82453661,1,1,
36.82453776,1,0,
36.8246082,1,1,
36.82460929,1,0,
36.98027006,1,1,
37.03757139,0,1,
37.46819838,1,1,
37.65744048,1,0,
37.65744454,1,1,
37.6574654,1,0,
37.6574715,1,1,
37.65768783,1,0,
37.65769273,1,1,
37.65769609,1,0,
37.65770253,1,1,
37.65794131,1,0,
37.657944,1,1,
37.6580277,1,0,
37.65803028,1,1,
37.65814665,1,0,
37.65815214,1,1,
37.65815243,1,0,
37.65817038,1,1,
37.65817519,1,0,
37.65818731,1,1,
37.65818991,1,0,
37.65819882,1,1,
37.65820621,1,0,
37.65820882,1,1,
37.65821493,1,0,
37.65822639,1,1,
37.65822764,1,0,
37.81099866,1,1,
37.81100846,1,0,
37.81101166,1,1,
37.8110146,1,0,
37.81150835,1,1,
37.81150848,1,0,
37.81151166,1,1,
37.88756834,0,1,
38.30155428,1,1,
38.4608899,1,0,
38.46089058,1,1,
38.46095769,1,0,
38.46095981,1,1,
38.46097094,1,0,
38.46097302,1,1,
38.46097442,1,0,
38.46098036,1,1,
38.46098898,1,0,
38.46102768,1,1,
38.46103529,1,0,
38.46103982,1,1,
38.46107548,1,0,
38.46107953,1,1,
38.46108281,1,0,
38.46108535,1,1,
38.46108758,1,0,
38.4611011,1,1,
38.46122732,1,0,
38.46124006,1,1,
38.46127018,1,0,
38.46127129,1,1,
38.46129645,1,0,
38.4613021,1,1,
38.46130232,1,0,
38.46131298,1,1,
38.46131865,1,0,
38.63260113,1,1,
38.63260169,1,0,
38.63260671,1,1,
38.70418047,0,1,
39.08487493,1,1,
39.27987327,1,0,
39.27987546,1,1,
39.27988284,1,0,
39.27988577,1,1,
39.27994103,1,0,
39.27994423,1,1,
39.28004309,1,0,
39.2800447,1,1,
39.28004503,1,0,
39.28007394,1,1,
39.28007448,1,0,
39.28008925,1,1,
39.28008958,1,0,
39.28011847,1,1,
39.28012244,1,0,
39.28012407,1,1,
39.28012486,1,0,
39.28012678,1,1,
39.28012681,1,0,
39.28012931,1,1,
39.28013135,1,0,
39.28013429,1,1,
39.28013784,1,0,
39.28020705,1,1,
39.28020885,1,0,
39.28021362,1,1,
39.28021392,1,0,
39.28021929,1,1,
39.28028752,1,0,
39.28030247,1,1,
39.28041869,1,0,
39.28042137,1,1,
39.28042168,1,0,
39.28042427,1,1,
39.28042451,1,0,
39.28042647,1,1,
39.28042662,1,0,
39.28043093,1,1,
39.28043154,1,0,
39.28044854,1,1,
39.28046078,1,0,
39.28046609,1,1,
39.28047251,1,0,
39.28047831,1,1,
39.28047915,1,0,
39.28053012,1,1,
39.28053048,1,0,
39.28053814,1,1,
39.28053858,1,0,
39.28054073,1,1,
39.28054198,1,0,
39.28054955,1,1,
39.28054971,1,0,
39.28055349,1,1,
39.28055601,1,0,
39.28078129,1,1,
39.28080342,1,0,
39.28080836,1,1,
39.28083097,1,0,
39.28086074,1,1,
39.28095283,1,0,
39.28095508,1,1,
39.2809553,1,0,
39.28096379,1,1,
39.28096406,1,0,
39.28101458,1,1,
39.28101488,1,0,
39.43193111,1,1,
39.43193223,1,0,
39.43195899,1,1,
39.4319593,1,0,
39.43196396,1,1,
39.43197334,1,0,
39.43234704,1,1,
39.48753522,0,1,
39.86818858,1,1,
40.06298222,1,0,
40.06298545,1,1,
40.0629921,1,0,
40.06299531,1,1,
40.06321714,1,0,
40.06322142,1,1,
40.06322454,1,0,
40.063232,1,1,
40.06323226,1,0,
40.06331697,1,1,
40.0633857,1,0,
40.06338932,1,1,
40.06339205,1,0,
40.06340279,1,1,
40.06340637,1,0,
40.06342005,1,1,
40.06342046,1,0,
40.06342562,1,1,
40.06342749,1,0,
40.06343018,1,1,
40.06343028,1,0,
40.06343808,1,1,
40.06353397,1,0,
40.06353825,1,1,
40.06353951,1,0,
40.06354105,1,1,
40.0635449,1,0,
40.06354641,1,1,
40.06354965,1,0,
40.0635513,1,1,
40.06355267,1,0,
40.06355461,1,1,
40.0635547,1,0,
40.06356136,1,1,
40.06356239,1,0,
40.06364532,1,1,
40.06364627,1,0,
40.06364826,1,1,
40.06365318,1,0,
40.06391298,1,1,
40.06391813,1,0,
40.0639263,1,1,
40.06396394,1,0,
40.06397587,1,1,
40.0639816,1,0,
40.06398354,1,1,
40.06400166,1,0,
40.06400656,1,1,
40.06400658,1,0,
40.06402039,1,1,
40.0640455,1,0,
40.06405017,1,1,
40.06405058,1,0,
40.06405722,1,1,
40.06405763,1,0,
40.21113596,1,1,
40.2111415,1,0,
40.21114151,1,1,
40.25423732,0,1,
40.65145222,1,1,
40.85311594,1,0,
40.85312374,1,1,
40.85313,1,0,
40.85313311,1,1,
40.85315482,1,0,
40.85315679,1,1,
40.85319222,1,0,
40.85321945,1,1,
40.85322334,1,0,
40.85325022,1,1,
40.8532616,1,0,
40.85326844,1,1,
40.85347397,1,0,
40.85347774,1,1,
40.85348308,1,0,
40.85348756,1,1,
40.85354138,1,0,
40.85354794,1,1,
40.8535493,1,0,
40.85355398,1,1,
40.85355408,1,0,
40.85355649,1,1,
40.85359052,1,0,
40.85360011,1,1,
40.85360488,1,0,
40.85361206,1,1,
40.85361387,1,0,
40.85362141,1,1,
40.85362683,1,0,
40.85363341,1,1,
40.85363396,1,0,
40.85364437,1,1,
40.85365544,1,0,
40.85366962,1,1,
40.85375106,1,0,
40.8537545,1,1,
40.85375575,1,0,
40.85375809,1,1,
40.85376653,1,0,
40.85377002,1,1,
40.85377049,1,0,
40.85377206,1,1,
40.8537724,1,0,
40.85377635,1,1,
40.85377647,1,0,
40.85377808,1,1,
40.85378106,1,0,
40.85380206,1,1,
40.85380867,1,0,
40.85388504,1,1,
40.85388614,1,0,
40.85390945,1,1,
40.85391215,1,0,
41.00751706,1,1,
41.03753866,0,1,
41.43479083,1,1,
41.59949792,1,0,
41.59950046,1,1,
41.59950436,1,0,
41.59950754,1,1,
41.59950807,1,0,
41.5995111,1,1,
41.59956658,1,0,
41.59956898,1,1,
41.59958451,1,0,
41.5995885,1,1,
41.59963346,1,0,
41.5996388,1,1,
41.59963922,1,0,
41.59964085,1,1,
41.59964627,1,0,
41.59973358,1,1,
41.59973591,1,0,
41.59974642,1,1,
41.59976604,1,0,
41.59977949,1,1,
41.59979491,1,0,
41.59982521,1,1,
41.599829,1,0,
41.59984351,1,1,
41.59987611,1,0,
41.59989095,1,1,
41.59989307,1,0,
41.59990579,1,1,
41.59990782,1,0,
41.59991398,1,1,
41.5999141,1,0,
41.59991837,1,1,
41.59991884,1,0,
41.76897961,1,1,
41.78753046,0,1,
42.15145646,1,1,
42.34668824,1,0,
42.34669442,1,1,
42.34669499,1,0,
42.34670251,1,1,
42.34673068,1,0,
42.3467319,1,1,
42.34673198,1,0,
42.34673469,1,1,
42.34673906,1,0,
42.34674637,1,1,
42.34675743,1,0,
42.34675929,1,1,
42.34676152,1,0,
42.34676699,1,1,
42.34676814,1,0,
42.34677415,1,1,
42.34677638,1,0,
42.34677943,1,1,
42.34677998,1,0,
42.34680495,1,1,
42.34681558,1,0,
42.3468311,1,1,
42.34693275,1,0,
42.34694873,1,1,
42.34696946,1,0,
42.34698406,1,1,
42.34706673,1,0,
42.34708214,1,1,
42.34708975,1,0,
42.34709407,1,1,
42.34709809,1,0,
42.34710093,1,1,
42.347102,1,0,
42.34710201,1,1,
42.34710202,1,0,
42.34710207,1,1,
42.3471093,1,0,
42.34714615,1,1,
42.3471504,1,0,
42.3473165,1,1,
42.34739664,1,0,
42.34751326,1,1,
42.34751358,1,0,
42.50363363,1,1,
42.52082514,0,1,
42.88481982,1,1,
43.03648827,1,0,
43.03648854,1,1,
43.0365496,1,0,
43.03655223,1,1,
43.03657121,1,0,
43.03657341,1,1,
43.03657676,1,0,
43.03657938,1,1,
43.03658067,1,0,
43.03658433,1,1,
43.03658904,1,0,
43.03659524,1,1,
43.03664357,1,0,
43.03664702,1,1,
43.03664809,1,0,
43.03665089,1,1,
43.03665558,1,0,
43.03666689,1,1,
43.03667218,1,0,
43.03668564,1,1,
43.03668832,1,0,
43.03669002,1,1,
43.03669418,1,0,
43.03669818,1,1,
43.03674066,1,0,
43.03674205,1,1,
43.03675514,1,0,
43.03676276,1,1,
43.03676728,1,0,
43.03677391,1,1,
43.0367755,1,0,
43.03685107,1,1,
43.03685291,1,0,
43.03685823,1,1,
43.03703974,1,0,
43.037054,1,1,
43.03708977,1,0,
43.03709183,1,1,
43.03710891,1,0,
43.03711372,1,1,
43.03711421,1,0,
43.0371235,1,1,
43.03713913,1,0,
43.20539732,1,1,
43.20539747,1,0,
43.20540047,1,1,
43.20542845,1,0,
43.20543457,1,1,
43.2054373,1,0,
43.20575042,1,1,
43.23748344,0,1,
43.60150942,1,1,
43.77179962,1,0,
43.77180194,1,1,
43.77185769,1,0,
43.7718635,1,1,
43.77187801,1,0,
43.77187965,1,1,
43.7718883,1,0,
43.77188985,1,1,
43.77196299,1,0,
43.7719732,1,1,
43.7719734,1,0,
43.77198018,1,1,
43.7719827,1,0,
43.7719897,1,1,
43.77199187,1,0,
43.77199742,1,1,
43.77199895,1,0,
43.77200318,1,1,
43.77204874,1,0,
43.77205212,1,1,
43.77207672,1,0,
43.77208142,1,1,
43.77212667,1,0,
43.77214678,1,1,
43.77216183,1,0,
43.7721742,1,1,
43.77234725,1,0,
43.7723485,1,1,
43.77235069,1,0,
43.77236234,1,1,
43.77239496,1,0,
43.77240753,1,1,
43.77242799,1,0,
43.77243917,1,1,
43.77245512,1,0,
43.772457,1,1,
43.77245782,1,0,
43.77246711,1,1,
43.77250429,1,0,
43.77251041,1,1,
43.77254666,1,0,
43.77255037,1,1,
43.77256399,1,0,
43.77257249,1,1,
43.77257305,1,0,
43.77269458,1,1,
43.77269515,1,0,
43.93276293,1,1,
43.97085278,0,1,
44.33477478,1,1,
44.50964732,1,0,
44.50964963,1,1,
44.50968708,1,0,
44.50969602,1,1,
44.50969758,1,0,
44.50970188,1,1,
44.50975126,1,0,
44.50975405,1,1,
44.50975553,1,0,
44.50977125,1,1,
44.50977293,1,0,
44.50978843,1,1,
44.50978881,1,0,
44.50979278,1,1,
44.5098044,1,0,
44.50980797,1,1,
44.5098215,1,0,
44.50983318,1,1,
44.50983364,1,0,
44.50984793,1,1,
44.50998913,1,0,
44.51000584,1,1,
44.51002654,1,0,
44.51012968,1,1,
44.51013483,1,0,
44.51019345,1,1,
44.51019367,1,0,
44.51019375,1,1,
44.51019459,1,0,
44.51023815,1,1,
44.51026332,1,0,
44.51027387,1,1,
44.51027789,1,0,
44.51028489,1,1,
44.51029095,1,0,
44.51045771,1,1,
44.51045775,1,0,
44.51046923,1,1,
44.51047236,1,0,
44.51047881,1,1,
44.51048074,1,0,
44.67390526,1,1,
44.67391559,1,0,
44.67393034,1,1,
45.33748424,0,1,
45.83475199,1,1,
46.09128613,1,0,
46.09128905,1,1,
46.09129628,1,0,
46.09129859,1,1,
46.09133964,1,0,
46.09134386,1,1,
46.09135022,1,0,
46.09135023,1,1,
46.09136228,1,0,
46.09136583,1,1,
46.09136724,1,0,
46.09137058,1,1,
46.09138505,1,0,
46.0913973,1,1,
46.09139778,1,0,
46.09140502,1,1,
46.09140511,1,0,
46.09141654,1,1,
46.09141703,1,0,
46.09142045,1,1,
46.09146332,1,0,
46.09146523,1,1,
46.09146576,1,0,
46.0915247,1,1,
46.09153286,1,0,
46.09154884,1,1,
46.0915548,1,0,
46.09161724,1,1,
46.09174709,1,0,
46.09174998,1,1,
46.09177744,1,0,
46.09178386,1,1,
46.09178703,1,0,
46.09179812,1,1,
46.09182129,1,0,
46.09215034,1,1,
46.09217729,1,0,
46.09218295,1,1,
46.0922235,1,0,
46.09222726,1,1,
46.09233026,1,0,
46.2321939,1,1,
46.35420242,0,1,
46.85141138,1,1,
47.10626013,1,0,
47.10626322,1,1,
47.10626584,1,0,
47.10627527,1,1,
47.10627741,1,0,
47.10628069,1,1,
47.10628503,1,0,
47.10629095,1,1,
47.10629843,1,0,
47.10630138,1,1,
47.10631322,1,0,
47.10631734,1,1,
47.10651314,1,0,
47.10651639,1,1,
47.10658883,1,0,
47.10659121,1,1,
47.1065941,1,0,
47.10659687,1,1,
47.1065972,1,0,
47.10660254,1,1,
47.10680939,1,0,
47.10681099,1,1,
47.10683346,1,0,
47.1068403,1,1,
47.10684122,1,0,
47.10684647,1,1,
47.10684709,1,0,
47.10691675,1,1,
47.10699889,1,0,
47.10701327,1,1,
47.10701408,1,0,
47.1070168,1,1,
47.10701992,1,0,
47.1070427,1,1,
47.10704387,1,0,
47.25632154,1,1,
47.25632293,1,0,
47.25633425,1,1,
47.25633427,1,0,
47.25670581,1,1,
47.35418325,0,1,
47.81807318,1,1,
48.03219742,1,0,
48.03220158,1,1,
48.03220174,1,0,
48.03221392,1,1,
48.03246684,1,0,
48.03247451,1,1,
48.03247702,1,0,
48.03248102,1,1,
48.0324818,1,0,
48.03248583,1,1,
48.03270798,1,0,
48.03271138,1,1,
48.03271144,1,0,
48.03271352,1,1,
48.03271806,1,0,
48.03272152,1,1,
48.03274866,1,0,
48.03275277,1,1,
48.03275319,1,0,
48.03275475,1,1,
48.03275948,1,0,
48.03276293,1,1,
48.03277843,1,0,
48.03278731,1,1,
48.03278808,1,0,
48.03279358,1,1,
48.03279598,1,0,
48.03279808,1,1,
48.03283601,1,0,
48.03285626,1,1,
48.03288374,1,0,
48.03289551,1,1,
48.03289558,1,0,
48.03289875,1,1,
48.03291946,1,0,
48.0329539,1,1,
48.03295456,1,0,
48.03296523,1,1,
48.03296689,1,0,
48.18497465,1,1,
48.18502016,1,0,
48.18502787,1,1,
48.27081704,0,1,
48.73471088,1,1,
48.93604356,1,0,
48.93604733,1,1,
48.93605698,1,0,
48.93605778,1,1,
48.93608985,1,0,
48.93609422,1,1,
48.93609488,1,0,
48.93610157,1,1,
48.93610189,1,0,
48.93611095,1,1,
48.93611126,1,0,
48.93613766,1,1,
48.93613806,1,0,
48.93616565,1,1,
48.93617506,1,0,
48.93617787,1,1,
48.93628374,1,0,
48.93628829,1,1,
48.93631275,1,0,
48.93631515,1,1,
48.93632097,1,0,
48.93664294,1,1,
48.93664366,1,0,
48.93665873,1,1,
48.93665898,1,0,
48.93666702,1,1,
48.93667221,1,0,
48.9366781,1,1,
48.93672144,1,0,
49.07635829,1,1,
49.20405309,0,1,
49.65137155,1,1,
49.83503055,1,0,
49.83503442,1,1,
49.83508521,1,0,
49.83508811,1,1,
49.83511195,1,0,
49.83511809,1,1,
49.83512566,1,0,
49.83513829,1,1,
49.83514714,1,0,
49.83515568,1,1,
49.83517388,1,0,
49.83518705,1,1,
49.83518886,1,0,
49.83528418,1,1,
49.83528421,1,0,
49.83536329,1,1,
49.8353633,1,0,
49.83536549,1,1,
49.83537988,1,0,
49.83538429,1,1,
49.83538441,1,0,
49.8353879,1,1,
49.83539384,1,0,
49.83542566,1,1,
49.83543342,1,0,
49.83543542,1,1,
49.83544261,1,0,
49.83544554,1,1,
49.83544608,1,0,
49.83544634,1,1,
49.83549374,1,0,
49.83549538,1,1,
49.83549805,1,0,
49.83554679,1,1,
49.83554742,1,0,
49.83556246,1,1,
49.8355633,1,0,
49.83557917,1,1,
49.83559072,1,0,
49.83563274,1,1,
49.8356338,1,0,
49.83590506,1,1,
49.83590622,1,0,
49.99429106,1,1,
50.12072836,0,1,
50.56805647,1,1,
50.7447231,1,0,
50.7447231,1,1,
50.74472394,1,0,
50.74472541,1,1,
50.74472802,1,0,
50.74473147,1,1,
50.74473269,1,0,
50.74473828,1,1,
50.74475182,1,0,
50.74479029,1,1,
50.74479225,1,0,
50.74479424,1,1,
50.74479474,1,0,
50.74480034,1,1,
50.74480035,1,0,
50.74480559,1,1,
50.74480918,1,0,
50.74481298,1,1,
50.74482559,1,0,
50.74483072,1,1,
50.74503152,1,0,
50.74504265,1,1,
50.74506283,1,0,
50.74507972,1,1,
50.74507978,1,0,
50.7450876,1,1,
50.74509927,1,0,
50.7451101,1,1,
50.74526791,1,0,
50.74527352,1,1,
50.74527483,1,0,
50.74528021,1,1,
50.74528678,1,0,
50.90224609,1,1,
51.00400194,0,1,
51.41804588,1,1,
51.60125156,1,0,
51.60125403,1,1,
51.60126175,1,0,
51.60126413,1,1,
51.60134049,1,0,
51.60134252,1,1,
51.60134965,1,0,
51.60135208,1,1,
51.60135388,1,0,
51.6013555,1,1,
51.60135582,1,0,
51.6013637,1,1,
51.60136412,1,0,
51.60136574,1,1,
51.60136577,1,0,
51.60140813,1,1,
51.60140902,1,0,
51.60140946,1,1,
51.60141117,1,0,
51.60148502,1,1,
51.60148815,1,0,
51.60162184,1,1,
51.60165394,1,0,
51.60166293,1,1,
51.60166322,1,0,
51.60166585,1,1,
51.60166613,1,0,
51.76897386,1,1,
51.76897476,1,0,
51.76897477,1,1,
51.76897478,1,0,
51.76898831,1,1,
51.83741183,0,1,
52.26803354,1,1,
52.48942966,1,0,
52.48943443,1,1,
52.48943526,1,0,
52.48944718,1,1,
52.48945975,1,0,
52.48946394,1,1,
52.48946658,1,0,
52.48947471,1,1,
52.48948776,1,0,
52.48950321,1,1,
52.48951946,1,0,
52.48955543,1,1,
52.48972456,1,0,
52.48973058,1,1,
52.48997825,1,0,
52.48999181,1,1,
52.49001579,1,0,
52.49002267,1,1,
52.49002658,1,0,
52.49003115,1,1,
52.4900978,1,0,
52.6465349,1,1,
52.68736476,0,1,
53.10136342,1,1,
53.3155401,1,0,
53.31555533,1,1,
53.31558096,1,0,
53.31559797,1,1,
53.31560671,1,0,
53.31573434,1,1,
53.31590787,1,0,
53.31592414,1,1,
53.31596245,1,0,
53.31596814,1,1,
53.31599278,1,0,
53.31600058,1,1,
53.31601694,1,0,
53.3160349,1,1,
53.31604458,1,0,
53.3160492,1,1,
53.31605098,1,0,
53.31606158,1,1,
53.31606997,1,0,
53.31607329,1,1,
53.31608122,1,0,
53.31608122,1,1,
53.31608202,1,0,
53.31608798,1,1,
53.31608971,1,0,
53.31609174,1,1,
53.31609555,1,0,
53.3160976,1,1,
53.31609873,1,0,
53.31610288,1,1,
53.31610822,1,0,
53.31610944,1,1,
53.3161805,1,0,
53.31618167,1,1,
53.31618443,1,0,
53.31620914,1,1,
53.31620982,1,0,
53.31621675,1,1,
53.31624624,1,0,
53.31626458,1,1,
53.3162649,1,0,
53.31628703,1,1,
53.31628828,1,0,
53.31631492,1,1,
53.3163152,1,0,
53.31632257,1,1,
53.31632273,1,0,
53.31633122,1,1,
53.3163313,1,0,
53.48189627,1,1,
53.53741412,0,1,
53.95133503,1,1,
54.16148307,1,0,
54.16151022,1,1,
54.16151078,1,0,
54.16151526,1,1,
54.16151794,1,0,
54.16152772,1,1,
54.16152926,1,0,
54.16170454,1,1,
54.1617208,1,0,
54.16172378,1,1,
54.16172414,1,0,
54.16178974,1,1,
54.16178982,1,0,
54.16179606,1,1,
54.16180384,1,0,
54.16180613,1,1,
54.16180813,1,0,
54.16181042,1,1,
54.16181878,1,0,
54.1618217,1,1,
54.16182887,1,0,
54.16213346,1,1,
54.16216306,1,0,
54.31804256,1,1,
54.3373971,0,1,
54.73464866,1,1,
54.93148325,1,0,
54.93148585,1,1,
54.93149306,1,0,
54.93149736,1,1,
54.93156459,1,0,
54.9315711,1,1,
54.93157941,1,0,
54.93158604,1,1,
54.93158912,1,0,
54.93159278,1,1,
54.93159822,1,0,
54.93160857,1,1,
54.93164432,1,0,
54.9317096,1,1,
54.9317172,1,0,
54.93171721,1,1,
54.93172067,1,0,
54.93172902,1,1,
54.93172936,1,0,
54.93173626,1,1,
54.93173651,1,0,
54.9318338,1,1,
54.93184881,1,0,
54.93187429,1,1,
54.93207178,1,0,
54.93207339,1,1,
54.93211954,1,0,
54.9321235,1,1,
54.93212531,1,0,
54.93230447,1,1,
54.93230459,1,0,
54.93231102,1,1,
54.93231103,1,0,
54.93231486,1,1,
54.93231502,1,0,
54.93232182,1,1,
54.93232405,1,0,
54.93235681,1,1,
54.93235712,1,0,
54.93237529,1,1,
54.93237533,1,0,
54.93242382,1,1,
54.93242449,1,0,
54.93247837,1,1,
54.93247929,1,0,
54.93248451,1,1,
54.93248458,1,0,
54.93248465,1,1,
54.93248472,1,0,
55.0898469,1,1,
55.08984871,1,0,
55.08987798,1,1,
55.1206671,0,1,
55.50135453,1,1,
55.70990384,1,0,
55.7099069,1,1,
55.70995881,1,0,
55.70996234,1,1,
55.70996585,1,0,
55.70997732,1,1,
55.7099857,1,0,
55.70999152,1,1,
55.7100053,1,0,
55.71000838,1,1,
55.71007926,1,0,
55.71011887,1,1,
55.71015039,1,0,
55.71015283,1,1,
55.7101581,1,0,
55.71016814,1,1,
55.71018072,1,0,
55.71018565,1,1,
55.71019914,1,0,
55.71028325,1,1,
55.71031219,1,0,
55.71032732,1,1,
55.71048569,1,0,
55.71048916,1,1,
55.71049094,1,0,
55.71049501,1,1,
55.71050445,1,0,
55.71051077,1,1,
55.71051326,1,0,
55.85735524,1,1,
55.90398068,0,1,
56.28467514,1,1,
56.47793405,1,0,
56.47793654,1,1,
56.47793762,1,0,
56.47794051,1,1,
56.47794439,1,0,
56.47809824,1,1,
56.47810314,1,0,
56.47810781,1,1,
56.47818623,1,0,
56.4781926,1,1,
56.4781943,1,0,
56.47821573,1,1,
56.4782167,1,0,
56.47825042,1,1,
56.47825143,1,0,
56.47825403,1,1,
56.47825408,1,0,
56.47825725,1,1,
56.4782593,1,0,
56.47826706,1,1,
56.47826914,1,0,
56.47827225,1,1,
56.47827515,1,0,
56.47828521,1,1,
56.4782861,1,0,
56.6285236,1,1,
56.62852978,1,0,
56.62853462,1,1,
56.62853982,1,0,
56.62855675,1,1,
56.62855692,1,0,
56.62855702,1,1,
56.68729528,0,1,
57.06798873,1,1,
57.25702274,1,0,
57.25703277,1,1,
57.2570472,1,0,
57.25705097,1,1,
57.25705549,1,0,
57.25706316,1,1,
57.25708278,1,0,
57.25708773,1,1,
57.25708955,1,0,
57.25709199,1,1,
57.25709401,1,0,
57.25709678,1,1,
57.25711054,1,0,
57.25718994,1,1,
57.25719006,1,0,
57.25719259,1,1,
57.25720282,1,0,
57.2572059,1,1,
57.2572072,1,0,
57.25723828,1,1,
57.25725073,1,0,
57.25729422,1,1,
57.25730237,1,0,
57.25731501,1,1,
57.25750564,1,0,
57.25750613,1,1,
57.2575131,1,0,
57.25752036,1,1,
57.25752131,1,0,
57.25753231,1,1,
57.2575356,1,0,
57.25755062,1,1,
57.25755241,1,0,
57.25755817,1,1,
57.25756458,1,0,
57.25756458,1,1,
57.25756656,1,0,
57.25758383,1,1,
57.25758415,1,0,
57.25758418,1,1,
57.25758423,1,0,
57.25782269,1,1,
57.25782293,1,0,
57.2578248,1,1,
57.25782519,1,0,
57.25786687,1,1,
57.25787439,1,0,
57.25790614,1,1,
57.25791275,1,0,
57.25792069,1,1,
57.25792474,1,0,
57.25792771,1,1,
57.25792789,1,0,
57.25793226,1,1,
57.25793555,1,0,
57.25793743,1,1,
57.2579393,1,0,
57.25794657,1,1,
57.257947,1,0,
57.25795678,1,1,
57.25795762,1,0,
57.25796151,1,1,
57.25796327,1,0,
57.40422088,1,1,
57.43735138,0,1,
57.80130308,1,1,
58.03457346,1,0,
58.03457346,1,1,
58.03462203,1,0,
58.03462429,1,1,
58.03465355,1,0,
58.03469219,1,1,
58.03469313,1,0,
58.03469514,1,1,
58.03470948,1,0,
58.03471195,1,1,
58.03471357,1,0,
58.03472927,1,1,
58.03473039,1,0,
58.03473638,1,1,
58.03473734,1,0,
58.03474743,1,1,
58.03474746,1,0,
58.03481276,1,1,
58.03484284,1,0,
58.03484691,1,1,
58.03485666,1,0,
58.03487356,1,1,
58.03487601,1,0,
58.03490507,1,1,
58.03491169,1,0,
58.03491473,1,1,
58.03499882,1,0,
58.03500231,1,1,
58.03502383,1,0,
58.03502748,1,1,
58.03503484,1,0,
58.03503786,1,1,
58.03503804,1,0,
58.0350403,1,1,
58.03504999,1,0,
58.03505157,1,1,
58.03505994,1,0,
58.03506133,1,1,
58.03506805,1,0,
58.03507195,1,1,
58.03507416,1,0,
58.03507556,1,1,
58.03507908,1,0,
58.03508296,1,1,
58.03508312,1,0,
58.03508718,1,1,
58.0350976,1,0,
58.03542876,1,1,
58.03542918,1,0,
58.03543212,1,1,
58.03545145,1,0,
58.03545362,1,1,
58.0354539,1,0,
58.03545721,1,1,
58.03546538,1,0,
58.03549367,1,1,
58.03549426,1,0,
58.15404811,0,0,
58.1831281,0,1,
58.18313031,0,0,
58.18313637,0,1,
58.18313706,0,0,
58.18314402,0,1,
58.18314562,0,0,
58.18314895,0,1,
58.51794263,1,1,
58.75438713,1,0,
58.75440215,1,1,
58.754414,1,0,
58.7544187,1,1,
58.75442396,1,0,
58.75442908,1,1,
58.75443646,1,0,
58.75444232,1,1,
58.75444241,1,0,
58.7544537,1,1,
58.7544551,1,0,
58.75446762,1,1,
58.75447091,1,0,
58.75465381,1,1,
58.75465387,1,0,
58.75466262,1,1,
58.75466346,1,0,
58.75466591,1,1,
58.75466602,1,0,
58.75466862,1,1,
58.75466942,1,0,
58.75467278,1,1,
58.75467998,1,0,
58.7546843,1,1,
58.75468455,1,0,
58.75480108,1,1,
58.75480313,1,0,
58.75488573,1,1,
58.75488656,1,0,
58.75489566,1,1,
58.7548957,1,0,
58.75490171,1,1,
58.75490225,1,0,
58.88729881,0,0,
58.90917372,0,1,
58.90917404,0,0,
58.9091792,0,1,
58.90918059,0,0,
58.9091844,0,1,
58.90919334,0,0,
58.90955573,0,1,
59.25125695,1,1,
59.44092891,1,0,
59.44093109,1,1,
59.4409457,1,0,
59.44095453,1,1,
59.4409785,1,0,
59.4409807,1,1,
59.4409965,1,0,
59.44099882,1,1,
59.44101526,1,0,
59.44101902,1,1,
59.44101943,1,0,
59.44102128,1,1,
59.44103349,1,0,
59.44104257,1,1,
59.44105462,1,0,
59.4410573,1,1,
59.44106502,1,0,
59.44106708,1,1,
59.44133166,1,0,
59.44133538,1,1,
59.44136615,1,0,
59.44137792,1,1,
59.44138307,1,0,
59.44142767,1,1,
59.44142906,1,0,
59.44151402,1,1,
59.44151427,1,0,
59.4415168,1,1,
59.44151944,1,0,
59.44174496,1,1,
59.44174621,1,0,
59.59252237,1,1,
59.60393471,0,1,
59.96794655,1,1,
60.19112878,1,0,
60.19113052,1,1,
60.19113078,1,0,
60.19113429,1,1,
60.19117611,1,0,
60.19117746,1,1,
60.19119443,1,0,
60.19120073,1,1,
60.19120339,1,0,
60.19121217,1,1,
60.19121427,1,0,
60.19137454,1,1,
60.19137455,1,0,
60.19150924,1,1,
60.19150929,1,0,
60.19151336,1,1,
60.19151366,1,0,
60.1915204,1,1,
60.19152388,1,0,
60.1915276,1,1,
60.19153718,1,0,
60.19154123,1,1,
60.19154211,1,0,
60.19204081,1,1,
60.19205081,1,0,
60.19207467,1,1,
60.19207527,1,0,
60.1921079,1,1,
60.19216962,1,0,
60.19219606,1,1,
60.19219667,1,0,
60.3388549,1,1,
60.98726658,0,1,
61.48459948,1,1,
61.69356218,1,0,
61.69356558,1,1,
61.69357511,1,0,
61.69357651,1,1,
61.69363066,1,0,
61.69363259,1,1,
61.69364755,1,0,
61.69370232,1,1,
61.69371377,1,0,
61.69372016,1,1,
61.69372067,1,0,
61.69379674,1,1,
61.69379696,1,0,
61.69380014,1,1,
61.69380102,1,0,
61.69380649,1,1,
61.69381726,1,0,
61.69386355,1,1,
61.69386422,1,0,
61.69387576,1,1,
61.69387602,1,0,
61.69387898,1,1,
61.69402716,1,0,
61.69404061,1,1,
61.69405667,1,0,
61.69405835,1,1,
61.69406386,1,0,
61.69407338,1,1,
61.69407743,1,0,
61.69409073,1,1,
61.69409198,1,0,
61.69409869,1,1,
61.6940991,1,0,
61.69419179,1,1,
61.69419195,1,0,
61.69419964,1,1,
61.69421087,1,0,
61.69421452,1,1,
61.69421469,1,0,
61.84180326,1,1,
61.84180484,1,0,
61.84180485,1,1,
61.84180486,1,0,
61.84180486,1,1,
61.84180487,1,0,
61.84180488,1,1,
61.8418051,1,0,
61.84185106,1,1,
61.98724012,0,1,
62.50125167,1,1,
62.74097569,1,0,
62.74097711,1,1,
62.74098023,1,0,
62.74098212,1,1,
62.7409823,1,0,
62.74099002,1,1,
62.74101678,1,0,
62.74102123,1,1,
62.74102553,1,0,
62.74103095,1,1,
62.74103902,1,0,
62.7411646,1,1,
62.7411652,1,0,
62.74119318,1,1,
62.74120139,1,0,
62.7412071,1,1,
62.74121676,1,0,
62.74121969,1,1,
62.74121987,1,0,
62.74123796,1,1,
62.74123863,1,0,
62.74125047,1,1,
62.7412548,1,0,
62.74126426,1,1,
62.74142262,1,0,
62.74142525,1,1,
62.74143478,1,0,
62.74143665,1,1,
62.74146662,1,0,
62.74148177,1,1,
62.74149446,1,0,
62.74150242,1,1,
62.74150294,1,0,
62.74151143,1,1,
62.74151456,1,0,
62.74161182,1,1,
62.74161214,1,0,
62.74162197,1,1,
62.7416235,1,0,
62.7416429,1,1,
62.74164392,1,0,
62.74165454,1,1,
62.74165644,1,0,
62.74167822,1,1,
62.74167884,1,0,
62.88626214,1,1,
62.88626322,1,0,
62.88627037,1,1,
62.88627048,1,0,
62.88627052,1,1,
63.00390238,0,1,
63.46789559,1,1,
63.68556507,1,0,
63.68556508,1,1,
63.68556606,1,0,
63.68565554,1,1,
63.68565887,1,0,
63.685674,1,1,
63.68570238,1,0,
63.68570676,1,1,
63.6857069,1,0,
63.68571239,1,1,
63.68583322,1,0,
63.6858351,1,1,
63.6858361,1,0,
63.68584383,1,1,
63.68584524,1,0,
63.68584754,1,1,
63.6858705,1,0,
63.68595475,1,1,
63.68596231,1,0,
63.68608975,1,1,
63.68609258,1,0,
63.85006194,1,1,
63.92058747,0,1,
64.38458226,1,1,
64.62094713,1,0,
64.62095036,1,1,
64.6209561,1,0,
64.62096043,1,1,
64.62102604,1,0,
64.62102746,1,1,
64.62108606,1,0,
64.62109958,1,1,
64.62110131,1,0,
64.62110427,1,1,
64.62111276,1,0,
64.62115865,1,1,
64.62116645,1,0,
64.62117762,1,1,
64.62118466,1,0,
64.62126836,1,1,
64.6214485,1,0,
64.62145008,1,1,
64.62155987,1,0,
64.62156017,1,1,
64.62156205,1,0,
64.62156824,1,1,
64.62158747,1,0,
64.6215885,1,1,
64.62159062,1,0,
64.62159453,1,1,
64.62159551,1,0,
64.77548906,1,1,
64.83729525,0,1,
65.30120227,1,1,
65.49890487,1,0,
65.4989064,1,1,
65.49907668,1,0,
65.49908552,1,1,
65.49908684,1,0,
65.49908912,1,1,
65.49908939,1,0,
65.49909223,1,1,
65.4990979,1,0,
65.49915519,1,1,
65.49916436,1,0,
65.65773899,1,1,
65.77055046,0,1,
66.21784897,1,1,
66.34827834,1,0,
66.34828172,1,1,
66.34828294,1,0,
66.34828902,1,1,
66.34830958,1,0,
66.34831187,1,1,
66.34838868,1,0,
66.34839863,1,1,
66.34857331,1,0,
66.3485794,1,1,
66.34885089,1,0,
66.34885104,1,1,
66.34885492,1,0,
66.34886628,1,1,
66.34886909,1,0,
66.34888479,1,1,
66.34888484,1,0,
66.50571249,1,1,
66.5057136,1,0,
66.5057185,1,1,
66.6372589,0,1,
67.06786819,1,1,
67.18028734,1,0,
67.18030202,1,1,
67.18034252,1,0,
67.18034625,1,1,
67.18036461,1,0,
67.18037595,1,1,
67.18037614,1,0,
67.18037917,1,1,
67.1803872,1,0,
67.18039854,1,1,
67.18042196,1,0,
67.18042448,1,1,
67.18042467,1,0,
67.18042973,1,1,
67.18045231,1,0,
67.18045617,1,1,
67.18046915,1,0,
67.18054346,1,1,
67.18056462,1,0,
67.18062424,1,1,
67.18062544,1,0,
67.1806273,1,1,
67.18062754,1,0,
67.18063511,1,1,
67.18063564,1,0,
67.18064112,1,1,
67.18064318,1,0,
67.18064707,1,1,
67.1808234,1,0,
67.18082646,1,1,
67.18084038,1,0,
67.18116986,1,1,
67.18119467,1,0,
67.18120477,1,1,
67.18122784,1,0,
67.18123154,1,1,
67.18123174,1,0,
67.18123754,1,1,
67.18123823,1,0,
67.18124337,1,1,
67.18126324,1,0,
67.18127308,1,1,
67.18134275,1,0,
67.18134714,1,1,
67.18134714,1,0,
67.33337575,1,1,
67.4871631,0,1,
67.90114906,1,1,
68.04487438,1,0,
68.0448761,1,1,
68.04490464,1,0,
68.04490585,1,1,
68.0449763,1,0,
68.04498143,1,1,
68.04498184,1,0,
68.04498933,1,1,
68.0449897,1,0,
68.04499582,1,1,
68.04499718,1,0,
68.04501698,1,1,
68.04501902,1,0,
68.0450343,1,1,
68.04504312,1,0,
68.0450501,1,1,
68.04523083,1,0,
68.04523426,1,1,
68.0452577,1,0,
68.04526491,1,1,
68.04529979,1,0,
68.0453119,1,1,
68.04532468,1,0,
68.04533508,1,1,
68.04533526,1,0,
68.04535822,1,1,
68.04536771,1,0,
68.04537542,1,1,
68.04537857,1,0,
68.04538333,1,1,
68.0453857,1,0,
68.0453897,1,1,
68.04539033,1,0,
68.04539229,1,1,
68.04539625,1,0,
68.04541524,1,1,
68.0455101,1,0,
68.04552104,1,1,
68.04552136,1,0,
68.04558829,1,1,
68.04559189,1,0,
68.0456053,1,1,
68.04560945,1,0,
68.04561179,1,1,
68.04561637,1,0,
68.04561929,1,1,
68.04562008,1,0,
68.0456306,1,1,
68.04563245,1,0,
68.04564202,1,1,
68.0456423,1,0,
68.04566094,1,1,
68.04566431,1,0,
68.04567446,1,1,
68.04568002,1,0,
68.04568234,1,1,
68.04568666,1,0,
68.21132091,1,1,
68.21132141,1,0,
68.21132437,1,1,
68.33723121,0,1,
68.75116966,1,1,
68.93192556,1,0,
68.9319301,1,1,
68.93193037,1,0,
68.93193148,1,1,
68.9319317,1,0,
68.93193266,1,1,
68.93193416,1,0,
68.93193934,1,1,
68.93200998,1,0,
68.93201488,1,1,
68.93201596,1,0,
68.9320179,1,1,
68.93202535,1,0,
68.93203084,1,1,
68.93203166,1,0,
68.93204064,1,1,
68.93205638,1,0,
68.93206223,1,1,
68.93208437,1,0,
68.93208584,1,1,
68.93208628,1,0,
68.93210627,1,1,
68.93210926,1,0,
68.93213003,1,1,
68.93213048,1,0,
68.93218844,1,1,
68.93218894,1,0,
68.9321896,1,1,
68.93218996,1,0,
68.93219391,1,1,
68.93219459,1,0,
68.93219874,1,1,
68.93223232,1,0,
68.93223433,1,1,
68.93223662,1,0,
68.93223868,1,1,
68.93224696,1,0,
68.93236285,1,1,
68.93236874,1,0,
68.93237311,1,1,
68.93237533,1,0,
68.93238313,1,1,
68.9323845,1,0,
68.93284582,1,1,
68.93284612,1,0,
68.93284889,1,1,
68.9328501,1,0,
68.93285841,1,1,
68.93287969,1,0,
68.93288558,1,1,
68.93288605,1,0,
68.93288845,1,1,
68.93289317,1,0,
68.93290234,1,1,
68.93290241,1,0,
68.93290796,1,1,
68.93290798,1,0,
68.93290799,1,1,
68.93291142,1,0,
69.09192796,1,1,
69.17051748,0,1,
69.60115628,1,1,
69.78326355,1,0,
69.78326894,1,1,
69.78327076,1,0,
69.78327766,1,1,
69.78332186,1,0,
69.7833235,1,1,
69.78334624,1,0,
69.78335257,1,1,
69.78335351,1,0,
69.78335594,1,1,
69.78335719,1,0,
69.78337084,1,1,
69.78337314,1,0,
69.78340314,1,1,
69.78340626,1,0,
69.78340828,1,1,
69.78342362,1,0,
69.78342563,1,1,
69.78342958,1,0,
69.78343633,1,1,
69.78344549,1,0,
69.78349638,1,1,
69.7834976,1,0,
69.78351082,1,1,
69.78355706,1,0,
69.78360674,1,1,
69.7836109,1,0,
69.78361495,1,1,
69.783615,1,0,
69.78363186,1,1,
69.78363326,1,0,
69.78364241,1,1,
69.78364245,1,0,
69.78364411,1,1,
69.78364438,1,0,
69.78365576,1,1,
69.78365802,1,0,
69.78366447,1,1,
69.78366466,1,0,
69.78366658,1,1,
69.78366854,1,0,
69.78367234,1,1,
69.78367576,1,0,
69.78367879,1,1,
69.78367891,1,0,
69.78385018,1,1,
69.7838507,1,0,
69.7838527,1,1,
69.78385296,1,0,
69.78400163,1,1,
69.7840021,1,0,
69.78420038,1,1,
69.78420202,1,0,
69.78421614,1,1,
69.78421634,1,0,
69.78422099,1,1,
69.78422154,1,0,
69.7842271,1,1,
69.78422754,1,0,
69.78426556,1,1,
69.78426713,1,0,
69.78426974,1,1,
69.78427109,1,0,
69.78427708,1,1,
69.7842775,1,0,
69.94540839,1,1,
69.98715067,0,1,
70.38446986,1,1,
70.58155942,1,0,
70.58156122,1,1,
70.5815657,1,0,
70.58157178,1,1,
70.58158814,1,0,
70.58159311,1,1,
70.58159632,1,0,
70.58160312,1,1,
70.5816097,1,0,
70.58162364,1,1,
70.58162777,1,0,
70.5816332,1,1,
70.58163334,1,0,
70.58163604,1,1,
70.58165802,1,0,
70.58165858,1,1,
70.58166065,1,0,
70.58166804,1,1,
70.58166866,1,0,
70.58167061,1,1,
70.58167475,1,0,
70.5816757,1,1,
70.58169621,1,0,
70.58175914,1,1,
70.58178426,1,0,
70.58182623,1,1,
70.58182891,1,0,
70.5818351,1,1,
70.58183686,1,0,
70.58184058,1,1,
70.58184633,1,0,
70.58184826,1,1,
70.58189656,1,0,
70.58190439,1,1,
70.58199597,1,0,
70.58234197,1,1,
70.58234313,1,0,
70.5824183,1,1,
70.58241847,1,0,
70.5824403,1,1,
70.58244124,1,0,
70.74350006,1,1,
70.77050611,0,1,
71.15113468,1,1,
71.34289644,1,0,
71.34290368,1,1,
71.34290857,1,0,
71.34291214,1,1,
71.34291263,1,0,
71.34298538,1,1,
71.34299875,1,0,
71.34309156,1,1,
71.34309809,1,0,
71.34310886,1,1,
71.3431291,1,0,
71.34313101,1,1,
71.34314053,1,0,
71.34314439,1,1,
71.34314505,1,0,
71.34315366,1,1,
71.34316269,1,0,
71.3431649,1,1,
71.3431662,1,0,
71.34328259,1,1,
71.34328354,1,0,
71.34328571,1,1,
71.34328756,1,0,
71.34329006,1,1,
71.3432906,1,0,
71.34329858,1,1,
71.34329934,1,0,
71.34330169,1,1,
71.34330639,1,0,
71.34330902,1,1,
71.34331026,1,0,
71.51976768,1,1,
71.55385285,0,1,
71.93442328,1,1,
72.12758358,1,0,
72.12758741,1,1,
72.12764542,1,0,
72.12764778,1,1,
72.12765126,1,0,
72.12765546,1,1,
72.12767234,1,0,
72.12767518,1,1,
72.12768192,1,0,
72.1276865,1,1,
72.12769399,1,0,
72.12769778,1,1,
72.12772641,1,0,
72.12773882,1,1,
72.12775154,1,0,
72.12775355,1,1,
72.12775622,1,0,
72.12775704,1,1,
72.12775798,1,0,
72.12776008,1,1,
72.12776322,1,0,
72.1277672,1,1,
72.12776998,1,0,
72.12777369,1,1,
72.12777518,1,0,
72.12777874,1,1,
72.12777885,1,0,
72.12778842,1,1,
72.12778987,1,0,
72.12779665,1,1,
72.1277969,1,0,
72.12780098,1,1,
72.1278027,1,0,
72.1278079,1,1,
72.12785674,1,0,
72.12793206,1,1,
72.12803255,1,0,
72.12804676,1,1,
72.1280493,1,0,
72.12805467,1,1,
72.12809262,1,0,
72.12834575,1,1,
72.12835021,1,0,
72.12840954,1,1,
72.12842201,1,0,
72.12843205,1,1,
72.12843258,1,0,
72.12844399,1,1,
72.12844442,1,0,
72.12844678,1,1,
72.1284548,1,0,
72.12845588,1,1,
72.12847911,1,0,
72.1284867,1,1,
72.12848732,1,0,
72.12856502,1,1,
72.12858442,1,0,
72.12859353,1,1,
72.12859369,1,0,
72.29043586,1,1,
72.29043707,1,0,
72.2908585,1,1,
72.3205099,0,1,
72.71776083,1,1,
72.92369121,1,0,
72.92369357,1,1,
72.92370821,1,0,
72.92371238,1,1,
72.92371875,1,0,
72.92372166,1,1,
72.92372586,1,0,
72.92372854,1,1,
72.9237313,1,0,
72.9237395,1,1,
72.92374092,1,0,
72.92374588,1,1,
72.9237473,1,0,
72.92375187,1,1,
72.92375198,1,0,
72.92377338,1,1,
72.92377623,1,0,
72.92380911,1,1,
72.92381444,1,0,
72.92381895,1,1,
72.92382603,1,0,
72.92383086,1,1,
72.92400223,1,0,
72.92400574,1,1,
72.92400739,1,0,
72.92401394,1,1,
72.92403686,1,0,
72.92404613,1,1,
72.9240535,1,0,
72.92408034,1,1,
72.92408118,1,0,
72.92409285,1,1,
72.92410377,1,0,
72.92413814,1,1,
72.92414205,1,0,
72.92418887,1,1,
72.92418996,1,0,
72.92419324,1,1,
72.92419418,1,0,
72.92419862,1,1,
72.92420229,1,0,
72.92421562,1,1,
72.92421964,1,0,
72.92439999,1,1,
72.92440258,1,0,
72.92441295,1,1,
72.92444962,1,0,
72.92475565,1,1,
72.92475582,1,0,
73.07683603,1,1,
73.07686543,1,0,
73.07687687,1,1,
73.08710648,0,1,
73.43442538,1,1,
73.67764327,1,0,
73.67764559,1,1,
73.67772838,1,0,
73.67773317,1,1,
73.6777337,1,0,
73.67774312,1,1,
73.67774314,1,0,
73.67776245,1,1,
73.67776335,1,0,
73.67776336,1,1,
73.67776354,1,0,
73.67776374,1,1,
73.67778375,1,0,
73.67778613,1,1,
73.67778752,1,0,
73.67779841,1,1,
73.6777994,1,0,
73.67781407,1,1,
73.67781572,1,0,
73.67784173,1,1,
73.67784273,1,0,
73.67785986,1,1,
73.6778618,1,0,
73.67787066,1,1,
73.67787265,1,0,
73.67792736,1,1,
73.67793055,1,0,
73.67794253,1,1,
73.67794938,1,0,
73.67796331,1,1,
73.6779676,1,0,
73.67798327,1,1,
73.67816502,1,0,
73.67843909,1,1,
73.67843945,1,0,
73.67845614,1,1,
73.67845923,1,0,
73.67846301,1,1,
73.67846803,1,0,
73.67846981,1,1,
73.67847046,1,0,
73.67849433,1,1,
73.67850035,1,0,
73.6785027,1,1,
73.67851889,1,0,
73.6785438,1,1,
73.6785449,1,0,
73.67854874,1,1,
73.678563,1,0,
73.67859906,1,1,
73.67860134,1,0,
73.67860344,1,1,
73.678651,1,0,
73.80377006,0,0,
73.8334451,0,1,
74.16778971,1,1,
74.3766873,1,0,
74.3766897,1,1,
74.37669654,1,0,
74.37669923,1,1,
74.37670106,1,0,
74.37670486,1,1,
74.37671803,1,0,
74.37672679,1,1,
74.37672734,1,0,
74.37673178,1,1,
74.37673246,1,0,
74.37680957,1,1,
74.37683197,1,0,
74.37683582,1,1,
74.37684145,1,0,
74.3768487,1,1,
74.37684945,1,0,
74.3768924,1,1,
74.37691448,1,0,
74.37692401,1,1,
74.37696624,1,0,
74.37697155,1,1,
74.37699294,1,0,
74.37700226,1,1,
74.37702352,1,0,
74.37740396,1,1,
74.37740415,1,0,
74.37741169,1,1,
74.37742026,1,0,
74.3774246,1,1,
74.3774255,1,0,
74.37742761,1,1,
74.37743198,1,0,
74.37743346,1,1,
74.37744008,1,0,
74.37744876,1,1,
74.37744913,1,0,
74.37755386,1,1,
74.37755547,1,0,
74.53715919,0,0,
74.54881294,0,1,
74.88445426,1,1,
75.08821158,1,0,
75.08821297,1,1,
75.08821372,1,0,
75.08821852,1,1,
75.08840834,1,0,
75.08844185,1,1,
75.08844442,1,0,
75.0885449,1,1,
75.08877693,1,0,
75.08889721,1,1,
75.08889766,1,0,
75.08890926,1,1,
75.08890977,1,0,
75.0889121,1,1,
75.08891241,1,0,
75.08897464,1,1,
75.08897603,1,0,
75.08898374,1,1,
75.08898378,1,0,
75.08898842,1,1,
75.08899625,1,0,
75.08908955,1,1,
75.08908959,1,0,
75.08909566,1,1,
75.08909726,1,0,
75.08910128,1,1,
75.08910188,1,0,
75.08910482,1,1,
75.0891087,1,0,
75.08912226,1,1,
75.08912534,1,0,
75.08914597,1,1,
75.08914702,1,0,
75.08919233,1,1,
75.0891929,1,0,
75.08920144,1,1,
75.0892015,1,0,
75.25383042,0,0,
75.25899379,0,1,
75.61771856,1,1,
75.7875423,1,0,
75.78754454,1,1,
75.78755148,1,0,
75.7875553,1,1,
75.78762902,1,0,
75.78763194,1,1,
75.78763938,1,0,
75.78764138,1,1,
75.7876807,1,0,
75.78785938,1,1,
75.78786034,1,0,
75.78787347,1,1,
75.78787365,1,0,
75.78787889,1,1,
75.78788142,1,0,
75.78788444,1,1,
75.78788642,1,0,
75.78788937,1,1,
75.78789933,1,0,
75.78790441,1,1,
75.78790511,1,0,
75.78791458,1,1,
75.78791864,1,0,
75.78792172,1,1,
75.78792178,1,0,
75.78792341,1,1,
75.78792403,1,0,
75.78792818,1,1,
75.78792966,1,0,
75.78793613,1,1,
75.78793818,1,0,
75.78794419,1,1,
75.78794621,1,0,
75.78794891,1,1,
75.7879505,1,0,
75.78795553,1,1,
75.78795842,1,0,
75.78804404,1,1,
75.78805032,1,0,
75.78805246,1,1,
75.78805874,1,0,
75.78806073,1,1,
75.78806414,1,0,
75.78806917,1,1,
75.78806971,1,0,
75.78807458,1,1,
75.78807482,1,0,
75.78808545,1,1,
75.78808727,1,0,
75.78808885,1,1,
75.78809053,1,0,
75.78809257,1,1,
75.78809588,1,0,
75.78809949,1,1,
75.78810026,1,0,
75.78810486,1,1,
75.78810551,1,0,
75.96196778,1,1,
75.96197603,1,0,
75.9623614,1,1,
75.96236572,1,0,
75.96236736,1,1,
76.6204588,0,1,
77.13437242,1,1,
77.40633539,1,0,
77.40633847,1,1,
77.40634032,1,0,
77.40634497,1,1,
77.40636234,1,0,
77.40638825,1,1,
77.40638873,1,0,
77.40640515,1,1,
77.40646214,1,0,
77.4064661,1,1,
77.40647045,1,0,
77.40653281,1,1,
77.40660039,1,0,
77.40663019,1,1,
77.40663754,1,0,
77.40664049,1,1,
77.40664177,1,0,
77.40666272,1,1,
77.40671049,1,0,
77.40671557,1,1,
77.40684613,1,0,
77.4071669,1,1,
77.40719584,1,0,
77.40719714,1,1,
77.40720089,1,0,
77.40720256,1,1,
77.4072155,1,0,
77.40721633,1,1,
77.40724482,1,0,
77.4072611,1,1,
77.40726406,1,0,
77.40728052,1,1,
77.40728253,1,0,
77.40729632,1,1,
77.40729634,1,0,
77.55209753,1,1,
77.55209866,1,0,
77.55210172,1,1,
77.55210247,1,0,
77.55213611,1,1,
77.55214143,1,0,
77.55215634,1,1,
77.55215677,1,0,
77.55216062,1,1,
77.63711396,0,1,
78.13435784,1,1,
78.41731962,1,0,
78.41732165,1,1,
78.41732568,1,0,
78.41742594,1,1,
78.41742633,1,0,
78.41743341,1,1,
78.41743378,1,0,
78.41744357,1,1,
78.41744401,1,0,
78.41745348,1,1,
78.41745556,1,0,
78.41746757,1,1,
78.41746883,1,0,
78.41747234,1,1,
78.41747566,1,0,
78.41748522,1,1,
78.41748938,1,0,
78.41750114,1,1,
78.41751459,1,0,
78.41751966,1,1,
78.41766855,1,0,
78.41766974,1,1,
78.41769909,1,0,
78.41770439,1,1,
78.41770441,1,0,
78.41770727,1,1,
78.41771277,1,0,
78.41771736,1,1,
78.41772145,1,0,
78.56042916,1,1,
78.56045742,1,0,
78.56046834,1,1,
78.6537743,0,1,
79.10101074,1,1,
79.32290634,1,0,
79.32291081,1,1,
79.32291603,1,0,
79.32291993,1,1,
79.32295926,1,0,
79.32296386,1,1,
79.32296434,1,0,
79.32296587,1,1,
79.32297904,1,0,
79.32298081,1,1,
79.32298982,1,0,
79.32299433,1,1,
79.32299478,1,0,
79.32299807,1,1,
79.32300354,1,0,
79.32301663,1,1,
79.32302673,1,0,
79.32303047,1,1,
79.32308312,1,0,
79.3230861,1,1,
79.32308762,1,0,
79.32318346,1,1,
79.3232199,1,0,
79.3232701,1,1,
79.3233085,1,0,
79.32333098,1,1,
79.32334622,1,0,
79.32335305,1,1,
79.3233638,1,0,
79.32341096,1,1,
79.32343294,1,0,
79.32343958,1,1,
79.32344081,1,0,
79.32344446,1,1,
79.32344544,1,0,
79.32380527,1,1,
79.32380576,1,0,
79.32385825,1,1,
79.32385845,1,0,
79.47309516,1,1,
79.57037891,0,1,
80.01765437,1,1,
80.2529963,1,0,
80.25300151,1,1,
80.25300291,1,0,
80.25300978,1,1,
80.25307086,1,0,
80.25307568,1,1,
80.25308068,1,0,
80.25308334,1,1,
80.25309234,1,0,
80.25309509,1,1,
80.25309582,1,0,
80.2531267,1,1,
80.25312973,1,0,
80.25313631,1,1,
80.25317834,1,0,
80.2532475,1,1,
80.25325181,1,0,
80.25325744,1,1,
80.25330945,1,0,
80.25331523,1,1,
80.25331991,1,0,
80.25332979,1,1,
80.25333518,1,0,
80.25334072,1,1,
80.25334752,1,0,
80.25336209,1,1,
80.25347728,1,0,
80.25348092,1,1,
80.25348154,1,0,
80.25349826,1,1,
80.25350396,1,0,
80.25350945,1,1,
80.25351169,1,0,
80.25351339,1,1,
80.25352074,1,0,
80.25365649,1,1,
80.25368446,1,0,
80.25369834,1,1,
80.25370178,1,0,
80.25370752,1,1,
80.25372266,1,0,
80.25388229,1,1,
80.25388994,1,0,
80.25389289,1,1,
80.25389784,1,0,
80.25390751,1,1,
80.25390902,1,0,
80.25391182,1,1,
80.25392114,1,0,
80.2539233,1,1,
80.25392664,1,0,
80.25392857,1,1,
80.25392918,1,0,
80.25393667,1,1,
80.25393923,1,0,
80.25394214,1,1,
80.25394322,1,0,
80.25394534,1,1,
80.25395376,1,0,
80.25396148,1,1,
80.25396298,1,0,
80.25396584,1,1,
80.25396635,1,0,
80.25398773,1,1,
80.25403556,1,0,
80.4046392,1,1,
80.4870123,0,1,
80.951051,1,1,
81.16468923,1,0,
81.16469654,1,1,
81.16471126,1,0,
81.16471245,1,1,
81.16471614,1,0,
81.16471917,1,1,
81.16471998,1,0,
81.16472533,1,1,
81.16473634,1,0,
81.1647596,1,1,
81.16477746,1,0,
81.16478015,1,1,
81.16478245,1,0,
81.16478642,1,1,
81.16478706,1,0,
81.16480394,1,1,
81.16481059,1,0,
81.16487066,1,1,
81.16487154,1,0,
81.32006242,1,1,
81.40367576,0,1,
81.86767736,1,1,
82.04693781,1,0,
82.04694038,1,1,
82.04697781,1,0,
82.04697904,1,1,
82.04698273,1,0,
82.04699033,1,1,
82.04700499,1,0,
82.04700644,1,1,
82.04707509,1,0,
82.0470787,1,1,
82.04708056,1,0,
82.04708644,1,1,
82.04708651,1,0,
82.04708922,1,1,
82.04709282,1,0,
82.0470965,1,1,
82.04709769,1,0,
82.0471075,1,1,
82.04710951,1,0,
82.04711415,1,1,
82.04711488,1,0,
82.04715276,1,1,
82.04715397,1,0,
82.20181324,1,1,
82.28699108,0,1,
82.70098221,1,1,
82.89854274,1,0,
82.89854533,1,1,
82.89854976,1,0,
82.89855505,1,1,
82.898592,1,0,
82.89859501,1,1,
82.8985951,1,0,
82.89860051,1,1,
82.89861475,1,0,
82.89862034,1,1,
82.89862373,1,0,
82.89863026,1,1,
82.89864393,1,0,
82.89865046,1,1,
82.89866926,1,0,
82.8986738,1,1,
82.89868665,1,0,
82.89868666,1,1,
82.89868666,1,0,
82.8986867,1,1,
82.89869078,1,0,
82.89869401,1,1,
82.89870098,1,0,
82.89871875,1,1,
82.89872014,1,0,
82.89872233,1,1,
82.89872818,1,0,
82.89874201,1,1,
82.89874843,1,0,
82.89875565,1,1,
82.89875641,1,0,
82.8987631,1,1,
82.89876614,1,0,
82.89881162,1,1,
82.89881231,1,0,
82.89882545,1,1,
82.89882864,1,0,
82.8989163,1,1,
82.89892358,1,0,
82.89893708,1,1,
82.89895243,1,0,
82.89895499,1,1,
82.89899079,1,0,
82.8989927,1,1,
82.89899592,1,0,
82.89902293,1,1,
82.8990322,1,0,
82.8990461,1,1,
82.89905343,1,0,
82.89907899,1,1,
82.89908161,1,0,
82.89930708,1,1,
82.89931034,1,0,
82.89943438,1,1,
82.89943602,1,0,
82.89945478,1,1,
82.8994555,1,0,
82.89945573,1,1,
82.89945588,1,0,
83.04594301,1,1,
83.13705886,0,1,
83.55099126,1,1,
83.74341606,1,0,
83.74341842,1,1,
83.74342818,1,0,
83.74343725,1,1,
83.74343761,1,0,
83.7436548,1,1,
83.74365758,1,0,
83.74366078,1,1,
83.74371728,1,0,
83.74373426,1,1,
83.74373565,1,0,
83.74381728,1,1,
83.74381751,1,0,
83.74382015,1,1,
83.74382109,1,0,
83.74382494,1,1,
83.74382751,1,0,
83.74383102,1,1,
83.74383248,1,0,
83.74387234,1,1,
83.74388038,1,0,
83.74388368,1,1,
83.7438854,1,0,
83.88476318,1,1,
83.9702967,0,1,
84.38434062,1,1,
84.63627782,1,0,
84.63628003,1,1,
84.63629269,1,0,
84.63631835,1,1,
84.63631854,1,0,
84.63632099,1,1,
84.6363213,1,0,
84.63633602,1,1,
84.63634325,1,0,
84.63635298,1,1,
84.636353,1,0,
84.63647547,1,1,
84.63666529,1,0,
84.63667366,1,1,
84.63672389,1,0,
84.63678876,1,1,
84.63678932,1,0,
84.63679311,1,1,
84.63681396,1,0,
84.63682118,1,1,
84.63682122,1,0,
84.63682317,1,1,
84.63682424,1,0,
84.63682912,1,1,
84.63682913,1,0,
84.63682916,1,1,
84.63684089,1,0,
84.63684666,1,1,
84.63684715,1,0,
84.6368559,1,1,
84.63685614,1,0,
84.63685834,1,1,
84.63686675,1,0,
84.63686862,1,1,
84.63686874,1,0,
84.6368704,1,1,
84.63687174,1,0,
84.6370241,1,1,
84.63702417,1,0,
84.6370405,1,1,
84.63704442,1,0,
84.63705814,1,1,
84.63705849,1,0,
84.6370585,1,1,
84.6370585,1,0,
84.78159206,1,1,
84.78159621,1,0,
84.78159925,1,1,
84.82034595,0,1,
85.23427822,1,1,
85.48448126,1,0,
85.48448242,1,1,
85.48456066,1,0,
85.48456614,1,1,
85.48456817,1,0,
85.48457086,1,1,
85.48457426,1,0,
85.48458135,1,1,
85.48458454,1,0,
85.48461078,1,1,
85.48461261,1,0,
85.48461525,1,1,
85.48464704,1,0,
85.48464924,1,1,
85.4846501,1,0,
85.48465351,1,1,
85.48465586,1,0,
85.48469999,1,1,
85.48470193,1,0,
85.48474808,1,1,
85.48474862,1,0,
85.63704738,0,0,
85.6371324,0,1,
85.63713412,0,0,
85.63713709,0,1,
86.01761295,1,1,
86.25541928,1,0,
86.25542122,1,1,
86.25546834,1,0,
86.25547158,1,1,
86.25549329,1,0,
86.25549784,1,1,
86.25549789,1,0,
86.255504,1,1,
86.2555183,1,0,
86.25552032,1,1,
86.25552509,1,0,
86.255532,1,1,
86.25554008,1,0,
86.25555153,1,1,
86.25555724,1,0,
86.25555995,1,1,
86.25556145,1,0,
86.2555644,1,1,
86.25556586,1,0,
86.2555665,1,1,
86.2555925,1,0,
86.25559602,1,1,
86.25559635,1,0,
86.25561863,1,1,
86.25562064,1,0,
86.25563026,1,1,
86.25563406,1,0,
86.25563881,1,1,
86.25563904,1,0,
86.25564245,1,1,
86.25564582,1,0,
86.25565177,1,1,
86.2556689,1,0,
86.25567342,1,1,
86.25567482,1,0,
86.25567789,1,1,
86.25568526,1,0,
86.25568949,1,1,
86.2557013,1,0,
86.25570606,1,1,
86.25571946,1,0,
86.25577714,1,1,
86.25599501,1,0,
86.25599502,1,1,
86.25599502,1,0,
86.25599503,1,1,
86.25599504,1,0,
86.25599511,1,1,
86.25608159,1,0,
86.25616797,1,1,
86.25627501,1,0,
86.25627707,1,1,
86.25633134,1,0,
86.25633495,1,1,
86.25634846,1,0,
86.25635778,1,1,
86.25635965,1,0,
86.25636714,1,1,
86.25636759,1,0,
86.25637103,1,1,
86.25637359,1,0,
86.25638038,1,1,
86.25638321,1,0,
86.25640207,1,1,
86.25640265,1,0,
86.40360842,0,0,
86.41088018,0,1,
86.41088053,0,0,
86.41089394,0,1,
86.41089502,0,0,
86.41089998,0,1,
86.4109002,0,0,
86.41090306,0,1,
86.80097089,1,1,
87.0100545,1,0,
87.01005557,1,1,
87.01007969,1,0,
87.0100797,1,1,
87.01007981,1,0,
87.010088,1,1,
87.01012591,1,0,
87.01013379,1,1,
87.01013512,1,0,
87.01013783,1,1,
87.01016892,1,0,
87.01017453,1,1,
87.01026674,1,0,
87.01026674,1,1,
87.01026766,1,0,
87.01027821,1,1,
87.01043209,1,0,
87.0104496,1,1,
87.01045503,1,0,
87.01053905,1,1,
87.01054433,1,0,
87.01055859,1,1,
87.01056634,1,0,
87.01062726,1,1,
87.01071715,1,0,
87.01072034,1,1,
87.01072298,1,0,
87.01085458,1,1,
87.01085934,1,0,
87.01086231,1,1,
87.01088295,1,0,
87.1609707,1,1,
87.18696222,0,1,
87.5842939,1,1,
87.76929966,1,0,
87.76930296,1,1,
87.76934751,1,0,
87.76935111,1,1,
87.76936043,1,0,
87.76937063,1,1,
87.76937181,1,0,
87.76937646,1,1,
87.76937741,1,0,
87.76944173,1,1,
87.76944626,1,0,
87.76946168,1,1,
87.7694661,1,0,
87.76947324,1,1,
87.76948411,1,0,
87.93119258,1,1,
87.93119326,1,0,
87.93119687,1,1,
87.97032325,0,1,
88.3509256,1,1,
88.4939389,1,0,
88.49394093,1,1,
88.49394139,1,0,
88.49394591,1,1,
88.49400876,1,0,
88.49401157,1,1,
88.49402243,1,0,
88.49402603,1,1,
88.49402656,1,0,
88.49403243,1,1,
88.49415001,1,0,
88.49416549,1,1,
88.49417924,1,0,
88.4941857,1,1,
88.49418656,1,0,
88.49419666,1,1,
88.49421966,1,0,
88.49423994,1,1,
88.49441426,1,0,
88.49442797,1,1,
88.49445229,1,0,
88.49445478,1,1,
88.49445695,1,0,
88.4944594,1,1,
88.49446162,1,0,
88.49446613,1,1,
88.49447359,1,0,
88.49448585,1,1,
88.4944983,1,0,
88.66081379,1,1,
88.66081397,1,0,
88.66082079,1,1,
88.66082216,1,0,
88.6608265,1,1,
88.72026228,0,1,
89.08428749,1,1,
89.23534974,1,0,
89.23536294,1,1,
89.23538495,1,0,
89.23538711,1,1,
89.23539513,1,0,
89.2353987,1,1,
89.23540322,1,0,
89.23540577,1,1,
89.23540578,1,0,
89.2354096,1,1,
89.23541422,1,0,
89.23542822,1,1,
89.23543334,1,0,
89.23544916,1,1,
89.23545326,1,0,
89.23546107,1,1,
89.23546141,1,0,
89.23549318,1,1,
89.23549517,1,0,
89.3947981,1,1,
89.45365345,0,1,
89.80093115,1,1,
89.97911953,1,0,
89.97912635,1,1,
89.97912775,1,0,
89.97916792,1,1,
89.9791701,1,0,
89.97917229,1,1,
89.97918409,1,0,
89.97919474,1,1,
89.97919608,1,0,
89.97922338,1,1,
89.97922635,1,0,
89.97923054,1,1,
89.97923542,1,0,
89.97931566,1,1,
89.9793563,1,0,
89.9793597,1,1,
89.97938071,1,0,
89.97938234,1,1,
89.97938293,1,0,
89.97938566,1,1,
89.97938656,1,0,
89.97939123,1,1,
89.97939373,1,0,
89.97947,1,1,
89.9794776,1,0,
89.97949993,1,1,
89.97950178,1,0,
89.97950583,1,1,
89.97950586,1,0,
90.13745002,1,1,
90.13745954,1,0,
90.13783388,1,1,
90.17030618,0,1,
90.53420182,1,1,
90.73071422,1,0,
90.73071425,1,1,
90.73080437,1,0,
90.7308088,1,1,
90.73080895,1,0,
90.73084974,1,1,
90.73084976,1,0,
90.73086043,1,1,
90.73086219,1,0,
90.73094598,1,1,
90.73101489,1,0,
90.73101678,1,1,
90.73104275,1,0,
90.73104525,1,1,
90.7310532,1,0,
90.7310597,1,1,
90.73106907,1,0,
90.73107633,1,1,
90.73107702,1,0,
90.73109631,1,1,
90.73109722,1,0,
90.73109904,1,1,
90.73109922,1,0,
90.73110129,1,1,
90.7311017,1,0,
90.7311017,1,1,
90.73110175,1,0,
90.73111147,1,1,
90.73111298,1,0,
90.7311165,1,1,
90.7311173,1,0,
90.73112585,1,1,
90.73117674,1,0,
90.73123697,1,1,
90.73125226,1,0,
90.88763062,1,1,
90.88764028,1,0,
90.88764286,1,1,
90.90356209,0,1,
91.25090494,1,1,
91.4564282,1,0,
91.45643446,1,1,
91.45647613,1,0,
91.45648142,1,1,
91.45648322,1,0,
91.45649191,1,1,
91.45650856,1,0,
91.4565113,1,1,
91.45651745,1,0,
91.45652212,1,1,
91.45652897,1,0,
91.45653142,1,1,
91.45653411,1,0,
91.45654413,1,1,
91.45654719,1,0,
91.45655546,1,1,
91.45660678,1,0,
91.4566127,1,1,
91.45661762,1,0,
91.45662268,1,1,
91.45662488,1,0,
91.45662991,1,1,
91.45663066,1,0,
91.45663366,1,1,
91.45663758,1,0,
91.45665542,1,1,
91.45665601,1,0,
91.45670499,1,1,
91.45671318,1,0,
91.45679495,1,1,
91.45697646,1,0,
91.45699114,1,1,
91.45700878,1,0,
91.45702681,1,1,
91.4570295,1,0,
91.45706892,1,1,
91.45707018,1,0,
91.45711074,1,1,
91.45720878,1,0,
91.61281454,1,1,
92.27028632,0,1,
92.76751818,1,1,
93.03529601,1,0,
93.03529758,1,1,
93.03536771,1,0,
93.0353745,1,1,
93.03541585,1,0,
93.03541826,1,1,
93.03542136,1,0,
93.03542275,1,1,
93.03544301,1,0,
93.03545126,1,1,
93.03545493,1,0,
93.03562132,1,1,
93.03573213,1,0,
93.0357377,1,1,
93.03577814,1,0,
93.03585997,1,1,
93.03589842,1,0,
93.0359846,1,1,
93.03598512,1,0,
93.19454378,1,1,
93.28693338,0,1,
93.78420334,1,1,
93.97929801,1,0,
93.97930002,1,1,
93.979307,1,0,
93.9793167,1,1,
93.97933132,1,0,
93.97934539,1,1,
93.97934856,1,0,
93.97943766,1,1,
93.97946327,1,0,
93.9795245,1,1,
93.97953433,1,0,
93.97953694,1,1,
93.97953714,1,0,
93.97954144,1,1,
93.97954966,1,0,
93.9795527,1,1,
93.97955307,1,0,
93.97955533,1,1,
93.97955539,1,0,
93.97955769,1,1,
93.9795611,1,0,
93.9795635,1,1,
93.97956363,1,0,
93.97956608,1,1,
93.97956702,1,0,
93.97956909,1,1,
93.97956911,1,0,
93.97957136,1,1,
93.97960137,1,0,
93.97960758,1,1,
93.97962431,1,0,
93.97964633,1,1,
93.97964678,1,0,
93.97964853,1,1,
93.97965278,1,0,
93.97965459,1,1,
93.97965526,1,0,
93.97965806,1,1,
93.97977093,1,0,
93.97979527,1,1,
93.97979785,1,0,
93.97984483,1,1,
93.97984531,1,0,
93.98003925,1,1,
93.98005749,1,0,
93.98006227,1,1,
93.98006892,1,0,
94.13505207,1,1,
94.28692882,0,1,
94.75084176,1,1,
94.82844559,1,0,
94.82844768,1,1,
94.8284571,1,0,
94.82846366,1,1,
94.82847162,1,0,
94.82847323,1,1,
94.82848062,1,0,
94.82848458,1,1,
94.82848839,1,0,
94.8284942,1,1,
94.82849837,1,0,
94.8285031,1,1,
94.82850615,1,0,
94.82851064,1,1,
94.82851213,1,0,
94.82851535,1,1,
94.82851741,1,0,
94.82851968,1,1,
94.82852012,1,0,
94.82852257,1,1,
94.82853226,1,0,
94.82854628,1,1,
94.8285476,1,0,
94.82855424,1,1,
94.82874471,1,0,
94.82874733,1,1,
94.82875426,1,0,
94.8287582,1,1,
94.82881525,1,0,
94.82881711,1,1,
94.82885515,1,0,
94.8288601,1,1,
94.82905518,1,0,
94.82907403,1,1,
94.82908641,1,0,
94.82910731,1,1,
94.82910885,1,0,
94.82912203,1,1,
94.82912577,1,0,
94.82913124,1,1,
94.82913244,1,0,
94.82914358,1,1,
94.82914852,1,0,
94.82916545,1,1,
94.82916637,1,0,
94.99878111,1,1,
95.20355492,0,1,
95.66747578,1,1,
95.8275983,1,0,
95.82760334,1,1,
95.8276055,1,0,
95.82761185,1,1,
95.82761351,1,0,
95.82762058,1,1,
95.82762643,1,0,
95.82764139,1,1,
95.8276677,1,0,
95.82768804,1,1,
95.8276885,1,0,
95.82769288,1,1,
95.82771667,1,0,
95.82771934,1,1,
95.82771948,1,0,
95.82772829,1,1,
95.82773199,1,0,
95.82776343,1,1,
95.82777749,1,0,
95.82778669,1,1,
95.82778894,1,0,
95.82781349,1,1,
95.82781355,1,0,
95.8279147,1,1,
95.82791529,1,0,
95.82791846,1,1,
95.82810532,1,0,
95.82810936,1,1,
95.82811016,1,0,
95.82811937,1,1,
95.82830726,1,0,
95.8283358,1,1,
95.82834055,1,0,
95.82835078,1,1,
95.82835082,1,0,
95.82835571,1,1,
95.82835611,1,0,
95.82836853,1,1,
95.82837222,1,0,
95.82841368,1,1,
95.82841493,1,0,
95.82842089,1,1,
95.82842656,1,0,
95.82843031,1,1,
95.82843152,1,0,
95.9810522,1,1,
96.12016921,0,1,
96.5841374,1,1,
96.7872344,1,0,
96.78723673,1,1,
96.78724676,1,0,
96.78725021,1,1,
96.78727365,1,0,
96.78727475,1,1,
96.78727634,1,0,
96.78728173,1,1,
96.78728185,1,0,
96.78730068,1,1,
96.7873007,1,0,
96.78730262,1,1,
96.78730504,1,0,
96.78730505,1,1,
96.78730549,1,0,
96.78741631,1,1,
96.78741909,1,0,
96.78742306,1,1,
96.78743877,1,0,
96.78751282,1,1,
96.78751334,1,0,
96.7875163,1,1,
96.78752724,1,0,
96.78753182,1,1,
96.78757342,1,0,
96.78757519,1,1,
96.78760918,1,0,
96.78761554,1,1,
96.78766918,1,0,
96.78767084,1,1,
96.78767971,1,0,
96.78768205,1,1,
96.78769858,1,0,
96.78769986,1,1,
96.78770364,1,0,
96.78770502,1,1,
96.78770537,1,0,
96.78770677,1,1,
96.78771613,1,0,
96.78772649,1,1,
96.7877338,1,0,
96.78804443,1,1,
96.78804882,1,0,
96.78805264,1,1,
96.78806364,1,0,
96.78810494,1,1,
96.78810633,1,0,
96.78812923,1,1,
96.7881299,1,0,
96.78819107,1,1,
96.78820652,1,0,
96.94473584,1,1,
97.05352542,0,1,
97.5008187,1,1,
97.69900951,1,0,
97.69901981,1,1,
97.699045,1,0,
97.69904909,1,1,
97.69904958,1,0,
97.69923534,1,1,
97.69923559,1,0,
97.69923903,1,1,
97.69923906,1,0,
97.69928346,1,1,
97.6992844,1,0,
97.69928818,1,1,
97.6992895,1,0,
97.6992956,1,1,
97.69930193,1,0,
97.69931129,1,1,
97.69931646,1,0,
97.69932403,1,1,
97.6993801,1,0,
97.69946062,1,1,
97.69948303,1,0,
97.69949802,1,1,
97.6994983,1,0,
97.84439789,1,1,
97.92016662,0,1,
98.35080619,1,1,
98.54490635,1,0,
98.5449074,1,1,
98.54490954,1,0,
98.54491299,1,1,
98.54492087,1,0,
98.54492271,1,1,
98.54497683,1,0,
98.54497986,1,1,
98.54498647,1,0,
98.54499054,1,1,
98.5449937,1,0,
98.54499649,1,1,
98.54499838,1,0,
98.54500238,1,1,
98.54500373,1,0,
98.5450151,1,1,
98.54501582,1,0,
98.5450195,1,1,
98.54502307,1,0,
98.54502908,1,1,
98.54526641,1,0,
98.54528184,1,1,
98.54528438,1,0,
98.54529135,1,1,
98.54530798,1,0,
98.54530799,1,1,
98.54530834,1,0,
98.54532614,1,1,
98.54534502,1,0,
98.5453474,1,1,
98.54534774,1,0,
98.54535032,1,1,
98.54536042,1,0,
98.54536094,1,1,
98.54536214,1,0,
98.54536845,1,1,
98.54536929,1,0,
98.54537167,1,1,
98.54537234,1,0,
98.54537842,1,1,
98.54543003,1,0,
98.54556272,1,1,
98.54558769,1,0,
98.70610214,1,1,
98.70610282,1,0,
98.70611147,1,1,
98.70611243,1,0,
98.70611898,1,1,
98.77020545,0,1,
99.18412438,1,1,
99.37857245,1,0,
99.37858449,1,1,
99.37858498,1,0,
99.37858608,1,1,
99.37861285,1,0,
99.37861625,1,1,
99.37864126,1,0,
99.37864688,1,1,
99.37928171,1,0,
99.37928626,1,1,
99.37932072,1,0,
99.37932291,1,1,
99.37932305,1,0,
99.37939809,1,1,
99.37939855,1,0,
99.37940897,1,1,
99.3794098,1,0,
99.37941234,1,1,
99.3794129,1,0,
99.37942603,1,1,
99.37942608,1,0,
99.37942827,1,1,
99.379437,1,0,
99.37944126,1,1,
99.3794429,1,0,
99.37944895,1,1,
99.37944928,1,0,
99.5335259,1,1,
99.62016205,0,1,
100.034137,1,1,
100.2043757,1,0,
100.2043776,1,1,
100.2044433,1,0,
100.2044488,1,1,
100.2044581,1,0,
100.2044601,1,1,
100.2044738,1,0,
100.2044799,1,1,
100.2044816,1,0,
100.2044841,1,1,
100.2044845,1,0,
100.3510584,1,1,
100.3510649,1,0,
100.3510688,1,1,
100.4534475,0,1,
100.8840915,1,1,
101.0641357,1,0,
101.0641391,1,1,
101.0641637,1,0,
101.0641718,1,1,
101.0641728,1,0,
101.0641771,1,1,
101.064199,1,0,
101.0642016,1,1,
101.064202,1,0,
101.064212,1,1,
101.0642243,1,0,
101.0642269,1,1,
101.0642277,1,0,
101.0642318,1,1,
101.0642329,1,0,
101.0642398,1,1,
101.0642431,1,0,
101.0642567,1,1,
101.0643171,1,0,
101.0643396,1,1,
101.06434,1,0,
101.0643516,1,1,
101.0643517,1,0,
101.064354,1,1,
101.0643544,1,0,
101.0643586,1,1,
101.0643643,1,0,
101.2028947,1,1,
101.2029068,1,0,
101.203273,1,1,
101.2032763,1,0,
101.2032821,1,1,
101.2701339,0,1,
101.6674381,1,1,
101.864257,1,0,
101.8642639,1,1,
101.8643324,1,0,
101.864338,1,1,
101.8643385,1,0,
101.8643403,1,1,
101.8643445,1,0,
101.8643477,1,1,
101.8643557,1,0,
101.8643585,1,1,
101.8643861,1,0,
101.8643883,1,1,
101.8644398,1,0,
101.8644448,1,1,
101.8644481,1,0,
101.864451,1,1,
101.8644549,1,0,
101.8644676,1,1,
101.8644679,1,0,
101.86447,1,1,
101.8644715,1,0,
101.8644749,1,1,
101.8644977,1,0,
101.8645072,1,1,
101.8645077,1,0,
101.8645361,1,1,
101.8645385,1,0,
101.8646037,1,1,
101.8646664,1,0,
101.8646667,1,1,
101.8647782,1,0,
101.8647801,1,1,
101.8647807,1,0,
101.8647835,1,1,
101.8647838,1,0,
101.8647957,1,1,
101.86481,1,0,
101.8648279,1,1,
101.8648331,1,0,
101.8649369,1,1,
101.8649454,1,0,
101.8649494,1,1,
101.8649549,1,0,
101.8649601,1,1,
101.8649739,1,0,
101.8649859,1,1,
101.8649861,1,0,
101.8651209,1,1,
101.865124,1,0,
101.8651272,1,1,
101.8651277,1,0,
101.8651288,1,1,
101.8651299,1,0,
101.8651334,1,1,
101.8651341,1,0,
101.8651392,1,1,
101.8651396,1,0,
101.8651438,1,1,
101.8651489,1,0,
101.8651549,1,1,
101.8651552,1,0,
102.0318295,1,1,
102.0318316,1,0,
102.0318338,1,1,
102.0318614,1,0,
102.0322347,1,1,
102.03224,1,0,
102.0322413,1,1,
102.0534284,0,1,
102.4341019,1,1,
102.6456385,1,0,
102.645641,1,1,
102.645672,1,0,
102.6456726,1,1,
102.6456773,1,0,
102.6456791,1,1,
102.6456927,1,0,
102.6456971,1,1,
102.6457255,1,0,
102.6457293,1,1,
102.6457322,1,0,
102.6457574,1,1,
102.6457619,1,0,
102.6457672,1,1,
102.6457704,1,0,
102.6457782,1,1,
102.6457788,1,0,
102.6458839,1,1,
102.6463824,1,0,
102.8062278,1,1,
102.8367746,0,1,
103.2174404,1,1,
103.416595,1,0,
103.4165993,1,1,
103.4166002,1,0,
103.4166038,1,1,
103.4166215,1,0,
103.4166248,1,1,
103.4166259,1,0,
103.4166356,1,1,
103.4166506,1,0,
103.4166559,1,1,
103.4166578,1,0,
103.4166658,1,1,
103.4166795,1,0,
103.4166806,1,1,
103.4166828,1,0,
103.4166925,1,1,
103.4168844,1,0,
103.4168879,1,1,
103.4168906,1,0,
103.4168979,1,1,
103.4171953,1,0,
103.4172492,1,1,
103.4172516,1,0,
103.4172695,1,1,
103.4173168,1,0,
103.4173507,1,1,
103.4173518,1,0,
103.5722994,1,1,
103.5723008,1,0,
103.572306,1,1,
103.5723069,1,0,
103.5723075,1,1,
103.5723077,1,0,
103.572312,1,1,
103.5723352,1,0,
103.5727154,1,1,
103.6034839,0,1,
104.0007236,1,1,
104.1730003,1,0,
104.173003,1,1,
104.1730201,1,0,
104.1730238,1,1,
104.1730293,1,0,
104.1730314,1,1,
104.1730329,1,0,
104.1730346,1,1,
104.1730354,1,0,
104.1730383,1,1,
104.1730401,1,0,
104.1730569,1,1,
104.1730575,1,0,
104.1730744,1,1,
104.1730771,1,0,
104.1730821,1,1,
104.1730957,1,0,
104.1731011,1,1,
104.1731075,1,0,
104.1731126,1,1,
104.1732634,1,0,
104.1732678,1,1,
104.1732719,1,0,
104.1732783,1,1,
104.1733014,1,0,
104.1733107,1,1,
104.1733108,1,0,
104.1733109,1,1,
104.1733109,1,0,
104.1733218,1,1,
104.1733288,1,0,
104.1733345,1,1,
104.1733502,1,0,
104.1733536,1,1,
104.1733541,1,0,
104.1733558,1,1,
104.1733561,1,0,
104.1733611,1,1,
104.1735677,1,0,
104.1735888,1,1,
104.173597,1,0,
104.1735999,1,1,
104.173602,1,0,
104.1736143,1,1,
104.1736634,1,0,
104.1736923,1,1,
104.1736928,1,0,
104.1736968,1,1,
104.1736977,1,0,
104.1737575,1,1,
104.1737596,1,0,
104.1737726,1,1,
104.1737734,1,0,
104.3355032,1,1,
104.3700892,0,1,
104.7173934,1,1,
104.9242979,1,0,
104.9243,1,1,
104.9243614,1,0,
104.9243636,1,1,
104.9243754,1,0,
104.9243866,1,1,
104.9243877,1,0,
104.9244009,1,1,
104.9244081,1,0,
104.9244935,1,1,
104.9245015,1,0,
104.9245153,1,1,
104.9245167,1,0,
105.0866695,1,1,
105.0867696,0,1,
105.4507577,1,1,
105.6585092,1,0,
105.6585109,1,1,
105.6585135,1,0,
105.658519,1,1,
105.65852,1,0,
105.6585221,1,1,
105.6585419,1,0,
105.6585445,1,1,
105.658551,1,0,
105.6586084,1,1,
105.6586095,1,0,
105.8201193,0,0,
105.8217888,0,1,
106.1673722,1,1,
106.388516,1,0,
106.3885184,1,1,
106.3885855,1,0,
106.3885894,1,1,
106.3886042,1,0,
106.3886062,1,1,
106.388607,1,0,
106.3886114,1,1,
106.388621,1,0,
106.3886292,1,1,
106.3886292,1,0,
106.3886317,1,1,
106.3886482,1,0,
106.3886609,1,1,
106.3886633,1,0,
106.3887718,1,1,
106.3887756,1,0,
106.3888049,1,1,
106.3888124,1,0,
106.5367372,0,0,
106.5584222,0,1,
106.9006811,1,1,
107.103379,1,0,
107.1033792,1,1,
107.1034948,1,0,
107.1034967,1,1,
107.1035079,1,0,
107.1035268,1,1,
107.1035314,1,0,
107.1035852,1,1,
107.1035978,1,0,
107.103601,1,1,
107.1036522,1,0,
107.1036985,1,1,
107.103709,1,0,
107.1037174,1,1,
107.1037188,1,0,
107.1037289,1,1,
107.1042333,1,0,
107.2735843,1,1,
107.273589,1,0,
107.2739788,1,1,
107.2739793,1,0,
107.2739848,1,1,
107.9034247,0,1,
108.4173393,1,1,
108.6977212,1,0,
108.6977265,1,1,
108.6977274,1,0,
108.6977346,1,1,
108.6977678,1,0,
108.6977714,1,1,
108.6977745,1,0,
108.6977757,1,1,
108.6977941,1,0,
108.6977954,1,1,
108.697798,1,0,
108.6978008,1,1,
108.6978015,1,0,
108.6978047,1,1,
108.6978133,1,0,
108.6978576,1,1,
108.6978588,1,0,
108.6978712,1,1,
108.6979047,1,0,
108.697917,1,1,
108.6979226,1,0,
108.6979387,1,1,
108.6979406,1,0,
108.6979762,1,1,
108.6979764,1,0,
108.6979862,1,1,
108.6979906,1,0,
108.6981311,1,1,
108.6981347,1,0,
108.6981438,1,1,
108.6981457,1,0,
108.6981485,1,1,
108.6982095,1,0,
108.6982278,1,1,
108.6982295,1,0,
108.6982672,1,1,
108.6982809,1,0,
108.8261881,1,1,
108.8262081,1,0,
108.826212,1,1,
108.9201014,0,1,
109.4173247,1,1,
109.6558624,1,0,
109.6558652,1,1,
109.6558688,1,0,
109.6558753,1,1,
109.655923,1,0,
109.6559248,1,1,
109.6559351,1,0,
109.6559409,1,1,
109.6559459,1,0,
109.6559496,1,1,
109.6559532,1,0,
109.655962,1,1,
109.6559922,1,0,
109.655997,1,1,
109.6560324,1,0,
109.6561209,1,1,
109.6561236,1,0,
109.656215,1,1,
109.6562415,1,0,
109.656246,1,1,
109.6563511,1,0,
109.6563725,1,1,
109.6563754,1,0,
109.6565215,1,1,
109.6565229,1,0,
109.6565286,1,1,
109.6565316,1,0,
109.6567312,1,1,
109.6567533,1,0,
109.6568279,1,1,
109.6568745,1,0,
109.8048727,1,1,
109.8048738,1,0,
109.8048763,1,1,
109.8048768,1,0,
109.8048808,1,1,
109.8048818,1,0,
109.8048843,1,1,
109.9366921,0,1,
110.3839605,1,1,
110.5478396,1,0,
110.5478419,1,1,
110.5478823,1,0,
110.5478843,1,1,
110.5478876,1,0,
110.5478876,1,1,
110.547889,1,0,
110.5478948,1,1,
110.5479404,1,0,
110.5479689,1,1,
110.5480233,1,0,
110.5480292,1,1,
110.5480307,1,0,
110.5480339,1,1,
110.5480435,1,0,
110.5480521,1,1,
110.5481095,1,0,
110.5481194,1,1,
110.5481197,1,0,
110.548126,1,1,
110.5481261,1,0,
110.5481405,1,1,
110.5481456,1,0,
110.5483227,1,1,
110.5483274,1,0,
110.5483473,1,1,
110.5483561,1,0,
110.6865265,1,1,
110.8533372,0,1,
111.3006167,1,1,
111.4776691,1,0,
111.4776812,1,1,
111.4776846,1,0,
111.4776875,1,1,
111.4777111,1,0,
111.4777144,1,1,
111.4777145,1,0,
111.4777185,1,1,
111.4777432,1,0,
111.4777465,1,1,
111.4777469,1,0,
111.4777506,1,1,
111.4777576,1,0,
111.4777692,1,1,
111.4777718,1,0,
111.477774,1,1,
111.4777762,1,0,
111.4777784,1,1,
111.4777804,1,0,
111.477786,1,1,
111.4777892,1,0,
111.4777929,1,1,
111.4777997,1,0,
111.4778039,1,1,
111.4778045,1,0,
111.4778109,1,1,
111.4779496,1,0,
111.4779522,1,1,
111.477994,1,0,
111.4779988,1,1,
111.4780109,1,0,
111.4780162,1,1,
111.4780172,1,0,
111.4780192,1,1,
111.4780272,1,0,
111.4780297,1,1,
111.4780345,1,0,
111.4780385,1,1,
111.4780385,1,0,
111.4780495,1,1,
111.4780503,1,0,
111.4780659,1,1,
111.4780661,1,0,
111.4780703,1,1,
111.4780705,1,0,
111.4782751,1,1,
111.4783091,1,0,
111.4783346,1,1,
111.4783352,1,0,
111.4783555,1,1,
111.4783556,1,0,
111.4783595,1,1,
111.4783601,1,0,
111.4783794,1,1,
111.4783818,1,0,
111.4783895,1,1,
111.4783898,1,0,
111.4784128,1,1,
111.478413,1,0,
111.6300199,1,1,
111.7699708,0,1,
112.2172986,1,1,
112.334103,1,0,
112.3341171,1,1,
112.3341315,1,0,
112.3341446,1,1,
112.3341503,1,0,
112.3341559,1,1,
112.3341583,1,0,
112.3341618,1,1,
112.3341651,1,0,
112.3341675,1,1,
112.3341698,1,0,
112.3341734,1,1,
112.3341746,1,0,
112.3341865,1,1,
112.3341889,1,0,
112.3342097,1,1,
112.3342104,1,0,
112.4743245,1,1,
112.6866562,0,1,
113.15067,1,1,
113.2230234,1,0,
113.2230367,1,1,
113.2230399,1,0,
113.2230832,1,1,
113.2230834,1,0,
113.3851959,1,1,
113.5699563,0,1,
113.9839578,1,1,
114.1900428,1,0,
114.1900448,1,1,
114.1902811,1,0,
114.190283,1,1,
114.1903061,1,0,
114.1903096,1,1,
114.1903199,1,0,
114.1903239,1,1,
114.1903248,1,0,
114.1903331,1,1,
114.1903359,1,0,
114.1904658,1,1,
114.190466,1,0,
114.190466,1,1,
114.1904664,1,0,
114.3281089,1,1,
114.3281092,1,0,
114.3281148,1,1,
114.4033388,0,1,
114.8339453,1,1,
115.0772526,1,0,
115.077258,1,1,
115.0772588,1,0,
115.0772617,1,1,
115.0772618,1,0,
115.0772679,1,1,
115.0772682,1,0,
115.0773543,1,1,
115.0773551,1,0,
115.0776144,1,1,
115.0776145,1,0,
115.0776174,1,1,
115.0776367,1,0,
115.2215333,1,1,
115.2532993,0,1,
115.6672831,1,1,
115.932104,1,0,
115.9321059,1,1,
115.9321105,1,0,
115.9321183,1,1,
115.9321207,1,0,
115.9321435,1,1,
115.932144,1,0,
115.9321476,1,1,
115.9321482,1,0,
115.9321837,1,1,
115.9321854,1,0,
115.9321877,1,1,
115.9321879,1,0,
115.9321949,1,1,
115.9321955,1,0,
115.9322117,1,1,
115.9322173,1,0,
115.9322321,1,1,
115.9322356,1,0,
115.9322471,1,1,
115.9322477,1,0,
116.0757439,1,1,
116.075744,1,0,
116.0757442,1,1,
116.0757443,1,0,
116.0757488,1,1,
116.1033258,0,1,
116.5172439,1,1,
116.7927114,1,0,
116.7927165,1,1,
116.7927313,1,0,
116.7927335,1,1,
116.79276,1,0,
116.7927624,1,1,
116.7927625,1,0,
116.7927685,1,1,
116.7927911,1,0,
116.7927943,1,1,
116.7927974,1,0,
116.7928784,1,1,
116.79288,1,0,
116.7928896,1,1,
116.7932074,1,0,
116.7932104,1,1,
116.793211,1,0,
116.7933981,1,1,
116.7935108,1,0,
116.7935136,1,1,
116.7935153,1,0,
116.7935184,1,1,
116.7935204,1,0,
116.7935298,1,1,
116.7935299,1,0,
116.7935643,1,1,
116.7935674,1,0,
116.7935867,1,1,
116.7935877,1,0,
116.7935897,1,1,
116.7936042,1,0,
116.7936945,1,1,
116.7936949,1,0,
116.7936978,1,1,
116.793698,1,0,
116.9033163,0,0,
116.9379781,0,1,
117.3005289,1,1,
117.5937665,1,0,
117.5937693,1,1,
117.5937712,1,0,
117.5937731,1,1,
117.5937875,1,0,
117.5937896,1,1,
117.5937917,1,0,
117.5937945,1,1,
117.5938201,1,0,
117.5938782,1,1,
117.5938792,1,0,
117.5938878,1,1,
117.5938907,1,0,
117.5939067,1,1,
117.5939077,1,0,
117.5939179,1,1,
117.5939291,1,0,
117.5939324,1,1,
117.5939332,1,0,
117.5939407,1,1,
117.5939457,1,0,
117.5939499,1,1,
117.593954,1,0,
117.5939613,1,1,
117.5939615,1,0,
117.5939616,1,1,
117.5939618,1,0,
117.5939736,1,1,
117.5939784,1,0,
117.593992,1,1,
117.593996,1,0,
117.5940507,1,1,
117.5940529,1,0,
117.5940611,1,1,
117.5940773,1,0,
117.5940834,1,1,
117.5940873,1,0,
117.5941015,1,1,
117.5941664,1,0,
117.5941722,1,1,
117.594175,1,0,
117.5945266,1,1,
117.594528,1,0,
117.5945313,1,1,
117.5945317,1,0,
117.594534,1,1,
117.5945369,1,0,
117.5945427,1,1,
117.5945459,1,0,
117.5945556,1,1,
117.5945559,1,0,
117.5945625,1,1,
117.5945713,1,0,
117.5945734,1,1,
117.5945755,1,0,
117.5948004,1,1,
117.5948014,1,0,
117.6865956,0,0,
117.7446229,0,1,
117.744623,0,0,
117.7446265,0,1,
118.0838907,1,1,
118.3332195,1,0,
118.333233,1,1,
118.3333002,1,0,
118.3333034,1,1,
118.3333069,1,0,
118.33331,1,1,
118.3333125,1,0,
118.3333206,1,1,
118.3333226,1,0,
118.3333264,1,1,
118.3333361,1,0,
118.3333372,1,1,
118.3333375,1,0,
118.333353,1,1,
118.3333879,1,0,
118.3333913,1,1,
118.3333975,1,0,
118.3333999,1,1,
118.3334005,1,0,
118.3334847,1,1,
118.3334874,1,0,
118.3337508,1,1,
118.3337509,1,0,
118.3337674,1,1,
118.333768,1,0,
118.4698931,0,0,
118.4871154,0,1,
118.4871279,0,0,
118.4871305,0,1,
118.8505865,1,1,
119.0588388,1,0,
119.0588418,1,1,
119.0588492,1,0,
119.0588532,1,1,
119.0588621,1,0,
119.0588675,1,1,
119.0588716,1,0,
119.0588781,1,1,
119.0588814,1,0,
119.0588836,1,1,
119.0589155,1,0,
119.0589184,1,1,
119.0589323,1,0,
119.0590093,1,1,
119.0590168,1,0,
119.0591076,1,1,
119.0593035,1,0,
119.059637,1,1,
119.0596965,1,0,
119.0597128,1,1,
119.0597141,1,0,
119.0597233,1,1,
119.0597235,1,0,
119.0597266,1,1,
119.0597269,1,0,
119.2283042,1,1,
119.2532306,0,1,
119.6339,1,1,
119.8324758,1,0,
119.8324786,1,1,
119.8324851,1,0,
119.8324884,1,1,
119.8325567,1,0,
119.8325593,1,1,
119.8325765,1,0,
119.8325816,1,1,
119.8326052,1,0,
119.8326067,1,1,
119.8326725,1,0,
119.8326742,1,1,
119.8326784,1,0,
119.8326931,1,1,
119.8326991,1,0,
119.832703,1,1,
119.8327067,1,0,
119.8327379,1,1,
119.8327408,1,0,
119.8327428,1,1,
119.8327431,1,0,
119.8327448,1,1,
119.8327487,1,0,
119.8327528,1,1,
119.8327852,1,0,
119.8328531,1,1,
119.832887,1,0,
119.8328913,1,1,
119.8328915,1,0,
119.8329046,1,1,
119.8329376,1,0,
119.8329424,1,1,
119.8329429,1,0,
119.8329429,1,1,
119.8329431,1,0,
119.8331292,1,1,
119.8331334,1,0,
119.9897323,1,1,
120.0032789,0,1,
120.3672143,1,1,
120.5544354,1,0,
120.5544426,1,1,
120.5544447,1,0,
120.5544627,1,1,
120.5544676,1,0,
120.5544716,1,1,
120.5544718,1,0,
120.5544813,1,1,
120.5545196,1,0,
120.5545234,1,1,
120.5545235,1,0,
120.554525,1,1,
120.5545286,1,0,
120.5545437,1,1,
120.5545483,1,0,
120.5545653,1,1,
120.5545655,1,0,
120.5545973,1,1,
120.5546079,1,0,
120.5546116,1,1,
120.5546122,1,0,
120.5547088,1,1,
120.5547107,1,0,
120.5547131,1,1,
120.5547135,1,0,
120.5547188,1,1,
120.55472,1,0,
120.5547223,1,1,
120.5547225,1,0,
120.554728,1,1,
120.5547312,1,0,
120.5547347,1,1,
120.5548365,1,0,
120.5548393,1,1,
120.5548396,1,0,
120.5550204,1,1,
120.555021,1,0,
120.5551143,1,1,
120.5551183,1,0,
120.5551225,1,1,
120.5551347,1,0,
120.5552155,1,1,
120.5552168,1,0,
120.5552302,1,1,
120.5552316,1,0,
120.5552484,1,1,
120.5552487,1,0,
120.5552563,1,1,
120.5552804,1,0,
120.5552828,1,1,
120.5552851,1,0,
120.5552992,1,1,
120.5552993,1,0,
120.5552995,1,1,
120.5552998,1,0,
120.5553377,1,1,
120.5553674,1,0,
120.7159349,1,1,
120.7159531,1,0,
120.7159613,1,1,
120.7365738,0,1,
121.0838458,1,1,
121.2784402,1,0,
121.2784434,1,1,
121.2784512,1,0,
121.2784538,1,1,
121.2784631,1,0,
121.2784684,1,1,
121.2784732,1,0,
121.2784779,1,1,
121.2784796,1,0,
121.2784828,1,1,
121.2784973,1,0,
121.2785036,1,1,
121.2785082,1,0,
121.2785148,1,1,
121.2785153,1,0,
121.2785193,1,1,
121.2785557,1,0,
121.2785593,1,1,
121.278561,1,0,
121.2785633,1,1,
121.2785778,1,0,
121.278583,1,1,
121.2785831,1,0,
121.2785873,1,1,
121.2785908,1,0,
121.2785946,1,1,
121.2785952,1,0,
121.2785983,1,1,
121.2787018,1,0,
121.2787228,1,1,
121.2787246,1,0,
121.278729,1,1,
121.2788382,1,0,
121.2790893,1,1,
121.2790937,1,0,
121.2790969,1,1,
121.2790969,1,0,
121.2791038,1,1,
121.2791044,1,0,
121.2791132,1,1,
121.279114,1,0,
121.2791162,1,1,
121.2791164,1,0,
121.2791528,1,1,
121.2791532,1,0,
121.2791671,1,1,
121.2791692,1,0,
121.2791725,1,1,
121.2791736,1,0,
121.4445515,1,1,
121.4532168,0,1,
121.817193,1,1,
122.0357486,1,0,
122.0357492,1,1,
122.0357551,1,0,
122.0357586,1,1,
122.0357868,1,0,
122.0357922,1,1,
122.0357948,1,0,
122.0358025,1,1,
122.0358131,1,0,
122.0358286,1,1,
122.0358312,1,0,
122.0358349,1,1,
122.0358756,1,0,
122.035877,1,1,
122.0358809,1,0,
122.0359002,1,1,
122.0359007,1,0,
122.035926,1,1,
122.0359273,1,0,
122.0359438,1,1,
122.0359453,1,0,
122.035957,1,1,
122.0359571,1,0,
122.0359614,1,1,
122.0359641,1,0,
122.0359685,1,1,
122.0359686,1,0,
122.0359724,1,1,
122.0359755,1,0,
122.0359784,1,1,
122.0360024,1,0,
122.0360071,1,1,
122.0360145,1,0,
122.0360178,1,1,
122.0360216,1,0,
122.0360235,1,1,
122.0360326,1,0,
122.0360425,1,1,
122.0360436,1,0,
122.0360465,1,1,
122.0360513,1,0,
122.0360546,1,1,
122.0360571,1,0,
122.0360858,1,1,
122.0360869,1,0,
122.0360903,1,1,
122.0360932,1,0,
122.0360966,1,1,
122.0361018,1,0,
122.1698379,0,0,
122.1973559,0,1,
122.1973593,0,0,
122.1973618,0,1,
122.1973683,0,0,
122.1977502,0,1,
122.5338585,1,1,
122.7568583,1,0,
122.756861,1,1,
122.7568651,1,0,
122.7568671,1,1,
122.7568678,1,0,
122.7568698,1,1,
122.7569388,1,0,
122.7569408,1,1,
122.75695,1,0,
122.7569532,1,1,
122.7569616,1,0,
122.756964,1,1,
122.7569652,1,0,
122.7569691,1,1,
122.7569692,1,0,
122.7569983,1,1,
122.757003,1,0,
122.7570286,1,1,
122.7570289,1,0,
122.7570575,1,1,
122.7570586,1,0,
122.7570877,1,1,
122.7570877,1,0,
122.7570978,1,1,
122.7570993,1,0,
122.7571259,1,1,
122.7571648,1,0,
122.7571699,1,1,
122.7571701,1,0,
122.7571904,1,1,
122.7571944,1,0,
122.7572168,1,1,
122.7572182,1,0,
122.9152805,1,1,
123.553162,0,1,
124.0505103,1,1,
124.5531426,0,1,
125.0671204,1,1,
125.5698561,0,1,
126.0338312,1,1,
126.2653276,1,1,
